dataset,noise_type,noise_level,rep,method,p,graph_k,field_error_vs_clean,stability,robustness,target_idx
gaussian_mixture,weight_noise,0.0,0,dijkstra,,8,0.0,0.0,1.0,1495
gaussian_mixture,weight_noise,0.0,0,peikonal,1.0,8,0.0,0.0,1.0,1495
gaussian_mixture,weight_noise,0.0,0,peikonal,2.0,8,0.0,0.0,1.0,1495
gaussian_mixture,weight_noise,0.0,0,peikonal,4.0,8,0.0,0.0,1.0,1495
gaussian_mixture,weight_noise,0.0,0,peikonal,8.0,8,0.0,0.0,1.0,1495
gaussian_mixture,weight_noise,0.0,0,peikonal,16.0,8,0.0,0.0,1.0,1495
gaussian_mixture,weight_noise,0.0,0,peikonal,32.0,8,0.0,0.0,1.0,1495
gaussian_mixture,weight_noise,0.0,0,peikonal,64.0,8,0.0,0.0,1.0,1495
gaussian_mixture,weight_noise,0.0,0,peikonal,128.0,8,0.0,0.0,1.0,1495
gaussian_mixture,weight_noise,0.0,1,dijkstra,,8,0.0,0.0,1.0,1495
gaussian_mixture,weight_noise,0.0,1,peikonal,1.0,8,0.0,0.0,1.0,1495
gaussian_mixture,weight_noise,0.0,1,peikonal,2.0,8,0.0,0.0,1.0,1495
gaussian_mixture,weight_noise,0.0,1,peikonal,4.0,8,0.0,0.0,1.0,1495
gaussian_mixture,weight_noise,0.0,1,peikonal,8.0,8,0.0,0.0,1.0,1495
gaussian_mixture,weight_noise,0.0,1,peikonal,16.0,8,0.0,0.0,1.0,1495
gaussian_mixture,weight_noise,0.0,1,peikonal,32.0,8,0.0,0.0,1.0,1495
gaussian_mixture,weight_noise,0.0,1,peikonal,64.0,8,0.0,0.0,1.0,1495
gaussian_mixture,weight_noise,0.0,1,peikonal,128.0,8,0.0,0.0,1.0,1495
gaussian_mixture,weight_noise,0.0,2,dijkstra,,8,0.0,0.0,1.0,1495
gaussian_mixture,weight_noise,0.0,2,peikonal,1.0,8,0.0,0.0,1.0,1495
gaussian_mixture,weight_noise,0.0,2,peikonal,2.0,8,0.0,0.0,1.0,1495
gaussian_mixture,weight_noise,0.0,2,peikonal,4.0,8,0.0,0.0,1.0,1495
gaussian_mixture,weight_noise,0.0,2,peikonal,8.0,8,0.0,0.0,1.0,1495
gaussian_mixture,weight_noise,0.0,2,peikonal,16.0,8,0.0,0.0,1.0,1495
gaussian_mixture,weight_noise,0.0,2,peikonal,32.0,8,0.0,0.0,1.0,1495
gaussian_mixture,weight_noise,0.0,2,peikonal,64.0,8,0.0,0.0,1.0,1495
gaussian_mixture,weight_noise,0.0,2,peikonal,128.0,8,0.0,0.0,1.0,1495
gaussian_mixture,weight_noise,0.0,3,dijkstra,,8,0.0,0.0,1.0,1495
gaussian_mixture,weight_noise,0.0,3,peikonal,1.0,8,0.0,0.0,1.0,1495
gaussian_mixture,weight_noise,0.0,3,peikonal,2.0,8,0.0,0.0,1.0,1495
gaussian_mixture,weight_noise,0.0,3,peikonal,4.0,8,0.0,0.0,1.0,1495
gaussian_mixture,weight_noise,0.0,3,peikonal,8.0,8,0.0,0.0,1.0,1495
gaussian_mixture,weight_noise,0.0,3,peikonal,16.0,8,0.0,0.0,1.0,1495
gaussian_mixture,weight_noise,0.0,3,peikonal,32.0,8,0.0,0.0,1.0,1495
gaussian_mixture,weight_noise,0.0,3,peikonal,64.0,8,0.0,0.0,1.0,1495
gaussian_mixture,weight_noise,0.0,3,peikonal,128.0,8,0.0,0.0,1.0,1495
gaussian_mixture,weight_noise,0.0,4,dijkstra,,8,0.0,0.0,1.0,1495
gaussian_mixture,weight_noise,0.0,4,peikonal,1.0,8,0.0,0.0,1.0,1495
gaussian_mixture,weight_noise,0.0,4,peikonal,2.0,8,0.0,0.0,1.0,1495
gaussian_mixture,weight_noise,0.0,4,peikonal,4.0,8,0.0,0.0,1.0,1495
gaussian_mixture,weight_noise,0.0,4,peikonal,8.0,8,0.0,0.0,1.0,1495
gaussian_mixture,weight_noise,0.0,4,peikonal,16.0,8,0.0,0.0,1.0,1495
gaussian_mixture,weight_noise,0.0,4,peikonal,32.0,8,0.0,0.0,1.0,1495
gaussian_mixture,weight_noise,0.0,4,peikonal,64.0,8,0.0,0.0,1.0,1495
gaussian_mixture,weight_noise,0.0,4,peikonal,128.0,8,0.0,0.0,1.0,1495
gaussian_mixture,weight_noise,0.0,5,dijkstra,,8,0.0,0.0,1.0,1495
gaussian_mixture,weight_noise,0.0,5,peikonal,1.0,8,0.0,0.0,1.0,1495
gaussian_mixture,weight_noise,0.0,5,peikonal,2.0,8,0.0,0.0,1.0,1495
gaussian_mixture,weight_noise,0.0,5,peikonal,4.0,8,0.0,0.0,1.0,1495
gaussian_mixture,weight_noise,0.0,5,peikonal,8.0,8,0.0,0.0,1.0,1495
gaussian_mixture,weight_noise,0.0,5,peikonal,16.0,8,0.0,0.0,1.0,1495
gaussian_mixture,weight_noise,0.0,5,peikonal,32.0,8,0.0,0.0,1.0,1495
gaussian_mixture,weight_noise,0.0,5,peikonal,64.0,8,0.0,0.0,1.0,1495
gaussian_mixture,weight_noise,0.0,5,peikonal,128.0,8,0.0,0.0,1.0,1495
gaussian_mixture,weight_noise,0.0,6,dijkstra,,8,0.0,0.0,1.0,1495
gaussian_mixture,weight_noise,0.0,6,peikonal,1.0,8,0.0,0.0,1.0,1495
gaussian_mixture,weight_noise,0.0,6,peikonal,2.0,8,0.0,0.0,1.0,1495
gaussian_mixture,weight_noise,0.0,6,peikonal,4.0,8,0.0,0.0,1.0,1495
gaussian_mixture,weight_noise,0.0,6,peikonal,8.0,8,0.0,0.0,1.0,1495
gaussian_mixture,weight_noise,0.0,6,peikonal,16.0,8,0.0,0.0,1.0,1495
gaussian_mixture,weight_noise,0.0,6,peikonal,32.0,8,0.0,0.0,1.0,1495
gaussian_mixture,weight_noise,0.0,6,peikonal,64.0,8,0.0,0.0,1.0,1495
gaussian_mixture,weight_noise,0.0,6,peikonal,128.0,8,0.0,0.0,1.0,1495
gaussian_mixture,weight_noise,0.0,7,dijkstra,,8,0.0,0.0,1.0,1495
gaussian_mixture,weight_noise,0.0,7,peikonal,1.0,8,0.0,0.0,1.0,1495
gaussian_mixture,weight_noise,0.0,7,peikonal,2.0,8,0.0,0.0,1.0,1495
gaussian_mixture,weight_noise,0.0,7,peikonal,4.0,8,0.0,0.0,1.0,1495
gaussian_mixture,weight_noise,0.0,7,peikonal,8.0,8,0.0,0.0,1.0,1495
gaussian_mixture,weight_noise,0.0,7,peikonal,16.0,8,0.0,0.0,1.0,1495
gaussian_mixture,weight_noise,0.0,7,peikonal,32.0,8,0.0,0.0,1.0,1495
gaussian_mixture,weight_noise,0.0,7,peikonal,64.0,8,0.0,0.0,1.0,1495
gaussian_mixture,weight_noise,0.0,7,peikonal,128.0,8,0.0,0.0,1.0,1495
gaussian_mixture,weight_noise,0.0,8,dijkstra,,8,0.0,0.0,1.0,1495
gaussian_mixture,weight_noise,0.0,8,peikonal,1.0,8,0.0,0.0,1.0,1495
gaussian_mixture,weight_noise,0.0,8,peikonal,2.0,8,0.0,0.0,1.0,1495
gaussian_mixture,weight_noise,0.0,8,peikonal,4.0,8,0.0,0.0,1.0,1495
gaussian_mixture,weight_noise,0.0,8,peikonal,8.0,8,0.0,0.0,1.0,1495
gaussian_mixture,weight_noise,0.0,8,peikonal,16.0,8,0.0,0.0,1.0,1495
gaussian_mixture,weight_noise,0.0,8,peikonal,32.0,8,0.0,0.0,1.0,1495
gaussian_mixture,weight_noise,0.0,8,peikonal,64.0,8,0.0,0.0,1.0,1495
gaussian_mixture,weight_noise,0.0,8,peikonal,128.0,8,0.0,0.0,1.0,1495
gaussian_mixture,weight_noise,0.0,9,dijkstra,,8,0.0,0.0,1.0,1495
gaussian_mixture,weight_noise,0.0,9,peikonal,1.0,8,0.0,0.0,1.0,1495
gaussian_mixture,weight_noise,0.0,9,peikonal,2.0,8,0.0,0.0,1.0,1495
gaussian_mixture,weight_noise,0.0,9,peikonal,4.0,8,0.0,0.0,1.0,1495
gaussian_mixture,weight_noise,0.0,9,peikonal,8.0,8,0.0,0.0,1.0,1495
gaussian_mixture,weight_noise,0.0,9,peikonal,16.0,8,0.0,0.0,1.0,1495
gaussian_mixture,weight_noise,0.0,9,peikonal,32.0,8,0.0,0.0,1.0,1495
gaussian_mixture,weight_noise,0.0,9,peikonal,64.0,8,0.0,0.0,1.0,1495
gaussian_mixture,weight_noise,0.0,9,peikonal,128.0,8,0.0,0.0,1.0,1495
gaussian_mixture,weight_noise,0.05,0,dijkstra,,8,0.026004746502344897,0.02972219177208215,0.9711357179542451,1495
gaussian_mixture,weight_noise,0.05,0,peikonal,1.0,8,0.00584690774258833,0.06735193320478308,0.9368981016387394,1495
gaussian_mixture,weight_noise,0.05,0,peikonal,2.0,8,0.0031040448030753504,0.06735193320478308,0.9368981016387394,1495
gaussian_mixture,weight_noise,0.05,0,peikonal,4.0,8,0.00244671084022532,0.06690060796379022,0.9372944326168565,1495
gaussian_mixture,weight_noise,0.05,0,peikonal,8.0,8,0.0012773390737175832,0.03880354862309594,0.9626459221529143,1495
gaussian_mixture,weight_noise,0.05,0,peikonal,16.0,8,0.0006262010915015077,0.02247598641574198,0.9780180789433198,1495
gaussian_mixture,weight_noise,0.05,0,peikonal,32.0,8,0.0003096190156706081,0.06787998199103139,0.936434821201095,1495
gaussian_mixture,weight_noise,0.05,0,peikonal,64.0,8,0.0001539371359639034,0.06833304614167765,0.9360376931253183,1495
gaussian_mixture,weight_noise,0.05,0,peikonal,128.0,8,7.675019523830879e-05,0.06819838979147047,0.9361556893895114,1495
gaussian_mixture,weight_noise,0.05,1,dijkstra,,8,0.02461075580259796,0.03055979652061675,0.9703464111216128,1495
gaussian_mixture,weight_noise,0.05,1,peikonal,1.0,8,0.005805497537836801,0.0068551705462689605,0.9931915028627706,1495
gaussian_mixture,weight_noise,0.05,1,peikonal,2.0,8,0.0020979843531331492,0.0068551705462689605,0.9931915028627706,1495
gaussian_mixture,weight_noise,0.05,1,peikonal,4.0,8,0.001482315949371411,0.025591969344750613,0.975046636372259,1495
gaussian_mixture,weight_noise,0.05,1,peikonal,8.0,8,0.000856183809326545,0.061976935675137346,0.9416400360562102,1495
gaussian_mixture,weight_noise,0.05,1,peikonal,16.0,8,0.00042556728844941877,0.0628350576207252,0.9408797657075891,1495
gaussian_mixture,weight_noise,0.05,1,peikonal,32.0,8,0.00021176047007382388,0.025966616315010838,0.9746905835900629,1495
gaussian_mixture,weight_noise,0.05,1,peikonal,64.0,8,0.00010562626435236122,0.02613993019372507,0.9745259594480549,1495
gaussian_mixture,weight_noise,0.05,1,peikonal,128.0,8,5.274985915262245e-05,0.04269877988420424,0.9590497459976446,1495
gaussian_mixture,weight_noise,0.05,2,dijkstra,,8,0.02523552009599838,0.06659076984921888,0.9375667109339108,1495
gaussian_mixture,weight_noise,0.05,2,peikonal,1.0,8,0.003095454313868355,0.009352551314433513,0.9907341084121162,1495
gaussian_mixture,weight_noise,0.05,2,peikonal,2.0,8,0.002343251824738958,0.06735193320478308,0.9368981016387394,1495
gaussian_mixture,weight_noise,0.05,2,peikonal,4.0,8,0.0021654457029412284,0.06690060796379022,0.9372944326168565,1495
gaussian_mixture,weight_noise,0.05,2,peikonal,8.0,8,0.0013206970066237961,0.03880354862309594,0.9626459221529143,1495
gaussian_mixture,weight_noise,0.05,2,peikonal,16.0,8,0.0006506449632290842,0.024036745215762507,0.9765274582889132,1495
gaussian_mixture,weight_noise,0.05,2,peikonal,32.0,8,0.00032115702227996886,0.06787998199103139,0.936434821201095,1495
gaussian_mixture,weight_noise,0.05,2,peikonal,64.0,8,0.00015953610740660526,0.06833304614167765,0.9360376931253183,1495
gaussian_mixture,weight_noise,0.05,2,peikonal,128.0,8,7.950741275746583e-05,0.06819838979147047,0.9361556893895114,1495
gaussian_mixture,weight_noise,0.05,3,dijkstra,,8,0.03230065401346749,0.06659076984921888,0.9375667109339108,1495
gaussian_mixture,weight_noise,0.05,3,peikonal,1.0,8,0.007489730770528436,0.002836329565477651,0.9971716924468557,1495
gaussian_mixture,weight_noise,0.05,3,peikonal,2.0,8,0.0021080967071587806,0.010386275734272888,0.9897204900900648,1495
gaussian_mixture,weight_noise,0.05,3,peikonal,4.0,8,0.0018811224838801743,0.025591969344750613,0.975046636372259,1495
gaussian_mixture,weight_noise,0.05,3,peikonal,8.0,8,0.0010858332735498271,0.061976935675137346,0.9416400360562102,1495
gaussian_mixture,weight_noise,0.05,3,peikonal,16.0,8,0.0005369644047881493,0.0628350576207252,0.9408797657075891,1495
gaussian_mixture,weight_noise,0.05,3,peikonal,32.0,8,0.0002661661409904539,0.025966616315010838,0.9746905835900629,1495
gaussian_mixture,weight_noise,0.05,3,peikonal,64.0,8,0.000132519259477433,0.02613993019372507,0.9745259594480549,1495
gaussian_mixture,weight_noise,0.05,3,peikonal,128.0,8,6.612060273733451e-05,0.04269877988420424,0.9590497459976446,1495
gaussian_mixture,weight_noise,0.05,4,dijkstra,,8,0.03131914348331711,0.02972219177208215,0.9711357179542451,1495
gaussian_mixture,weight_noise,0.05,4,peikonal,1.0,8,0.005898629622992709,0.06735193320478308,0.9368981016387394,1495
gaussian_mixture,weight_noise,0.05,4,peikonal,2.0,8,0.002186790263028213,0.06735193320478308,0.9368981016387394,1495
gaussian_mixture,weight_noise,0.05,4,peikonal,4.0,8,0.001603465148075532,0.06690060796379022,0.9372944326168565,1495
gaussian_mixture,weight_noise,0.05,4,peikonal,8.0,8,0.000842478455876872,0.023708481673861238,0.9768405927094639,1495
gaussian_mixture,weight_noise,0.05,4,peikonal,16.0,8,0.00041949568450634715,0.024036745215762507,0.9765274582889132,1495
gaussian_mixture,weight_noise,0.05,4,peikonal,32.0,8,0.00020917796519364355,0.06787998199103139,0.936434821201095,1495
gaussian_mixture,weight_noise,0.05,4,peikonal,64.0,8,0.00010445370011440875,0.06833304614167765,0.9360376931253183,1495
gaussian_mixture,weight_noise,0.05,4,peikonal,128.0,8,5.219391489109944e-05,0.06819838979147047,0.9361556893895114,1495
gaussian_mixture,weight_noise,0.05,5,dijkstra,,8,0.028153610903195632,0.04169225450638303,0.9599764188261731,1495
gaussian_mixture,weight_noise,0.05,5,peikonal,1.0,8,0.0041849187048162845,0.06735193320478308,0.9368981016387394,1495
gaussian_mixture,weight_noise,0.05,5,peikonal,2.0,8,0.0027863203725793377,0.06735193320478308,0.9368981016387394,1495
gaussian_mixture,weight_noise,0.05,5,peikonal,4.0,8,0.0017891512475616002,0.06690060796379022,0.9372944326168565,1495
gaussian_mixture,weight_noise,0.05,5,peikonal,8.0,8,0.0010378152475879988,0.03880354862309594,0.9626459221529143,1495
gaussian_mixture,weight_noise,0.05,5,peikonal,16.0,8,0.0005211737271685126,0.02247598641574198,0.9780180789433198,1495
gaussian_mixture,weight_noise,0.05,5,peikonal,32.0,8,0.0002585797881149331,0.06787998199103139,0.936434821201095,1495
gaussian_mixture,weight_noise,0.05,5,peikonal,64.0,8,0.0001287880993892302,0.06833304614167765,0.9360376931253183,1495
gaussian_mixture,weight_noise,0.05,5,peikonal,128.0,8,6.426861490006513e-05,0.06819838979147047,0.9361556893895114,1495
gaussian_mixture,weight_noise,0.05,6,dijkstra,,8,0.028309468258370444,0.04169225450638303,0.9599764188261731,1495
gaussian_mixture,weight_noise,0.05,6,peikonal,1.0,8,0.003506025796730775,0.06735193320478308,0.9368981016387394,1495
gaussian_mixture,weight_noise,0.05,6,peikonal,2.0,8,0.0020211583943637325,0.06735193320478308,0.9368981016387394,1495
gaussian_mixture,weight_noise,0.05,6,peikonal,4.0,8,0.0016360236740901135,0.06690060796379022,0.9372944326168565,1495
gaussian_mixture,weight_noise,0.05,6,peikonal,8.0,8,0.0009051767121824089,0.019700046175739203,0.9806805479222818,1495
gaussian_mixture,weight_noise,0.05,6,peikonal,16.0,8,0.00044663657508285036,0.009689732768968687,0.9904032571051351,1495
gaussian_mixture,weight_noise,0.05,6,peikonal,32.0,8,0.00022173259232647363,0.06787998199103139,0.936434821201095,1495
gaussian_mixture,weight_noise,0.05,6,peikonal,64.0,8,0.00011047286050048313,0.06833304614167765,0.9360376931253183,1495
gaussian_mixture,weight_noise,0.05,6,peikonal,128.0,8,5.513853197933243e-05,0.06819838979147047,0.9361556893895114,1495
gaussian_mixture,weight_noise,0.05,7,dijkstra,,8,0.022847645967436474,0.04169225450638303,0.9599764188261731,1495
gaussian_mixture,weight_noise,0.05,7,peikonal,1.0,8,0.003623670337682444,0.01579231717766606,0.9844532027752046,1495
gaussian_mixture,weight_noise,0.05,7,peikonal,2.0,8,0.004044471684246318,0.06735193320478308,0.9368981016387394,1495
gaussian_mixture,weight_noise,0.05,7,peikonal,4.0,8,0.0028931058588714284,0.06690060796379022,0.9372944326168565,1495
gaussian_mixture,weight_noise,0.05,7,peikonal,8.0,8,0.0014844197682910014,0.014532016815399562,0.985676137791082,1495
gaussian_mixture,weight_noise,0.05,7,peikonal,16.0,8,0.0007337849642159819,0.019972809612142487,0.9804182921113971,1495
gaussian_mixture,weight_noise,0.05,7,peikonal,32.0,8,0.00036453033507216496,0.06787998199103139,0.936434821201095,1495
gaussian_mixture,weight_noise,0.05,7,peikonal,64.0,8,0.00018167465965130157,0.06833304614167765,0.9360376931253183,1495
gaussian_mixture,weight_noise,0.05,7,peikonal,128.0,8,9.068970289444222e-05,0.06819838979147047,0.9361556893895114,1495
gaussian_mixture,weight_noise,0.05,8,dijkstra,,8,0.02611824716866998,0.06659076984921888,0.9375667109339108,1495
gaussian_mixture,weight_noise,0.05,8,peikonal,1.0,8,0.003507598685975544,0.0068551705462689605,0.9931915028627706,1495
gaussian_mixture,weight_noise,0.05,8,peikonal,2.0,8,0.003357420512185295,0.0068551705462689605,0.9931915028627706,1495
gaussian_mixture,weight_noise,0.05,8,peikonal,4.0,8,0.002699126573369274,0.010316677310356287,0.989788669689368,1495
gaussian_mixture,weight_noise,0.05,8,peikonal,8.0,8,0.0014585919945459217,0.061976935675137346,0.9416400360562102,1495
gaussian_mixture,weight_noise,0.05,8,peikonal,16.0,8,0.0007193075901533594,0.0628350576207252,0.9408797657075891,1495
gaussian_mixture,weight_noise,0.05,8,peikonal,32.0,8,0.00035625071510264763,0.02157639394501575,0.9788793142902468,1495
gaussian_mixture,weight_noise,0.05,8,peikonal,64.0,8,0.00017727591993855598,0.021720405335560893,0.9787413413472669,1495
gaussian_mixture,weight_noise,0.05,8,peikonal,128.0,8,8.842578022458429e-05,0.04269877988420424,0.9590497459976446,1495
gaussian_mixture,weight_noise,0.05,9,dijkstra,,8,0.020777632008983672,0.04169225450638303,0.9599764188261731,1495
gaussian_mixture,weight_noise,0.05,9,peikonal,1.0,8,0.003430824525812984,0.06735193320478308,0.9368981016387394,1495
gaussian_mixture,weight_noise,0.05,9,peikonal,2.0,8,0.002599482000643313,0.06735193320478308,0.9368981016387394,1495
gaussian_mixture,weight_noise,0.05,9,peikonal,4.0,8,0.002314761077668196,0.06690060796379022,0.9372944326168565,1495
gaussian_mixture,weight_noise,0.05,9,peikonal,8.0,8,0.001276981066666579,0.023708481673861238,0.9768405927094639,1495
gaussian_mixture,weight_noise,0.05,9,peikonal,16.0,8,0.0006283590286494617,0.024036745215762507,0.9765274582889132,1495
gaussian_mixture,weight_noise,0.05,9,peikonal,32.0,8,0.0003113655416186332,0.06787998199103139,0.936434821201095,1495
gaussian_mixture,weight_noise,0.05,9,peikonal,64.0,8,0.00015498470218632657,0.06833304614167765,0.9360376931253183,1495
gaussian_mixture,weight_noise,0.05,9,peikonal,128.0,8,7.731852731195313e-05,0.06819838979147047,0.9361556893895114,1495
gaussian_mixture,weight_noise,0.1,0,dijkstra,,8,0.05205210509571328,0.02972219177208215,0.9711357179542451,1495
gaussian_mixture,weight_noise,0.1,0,peikonal,1.0,8,0.011091776972624026,0.06735193320478308,0.9368981016387394,1495
gaussian_mixture,weight_noise,0.1,0,peikonal,2.0,8,0.0061122363483179015,0.06735193320478308,0.9368981016387394,1495
gaussian_mixture,weight_noise,0.1,0,peikonal,4.0,8,0.004740209140402658,0.06690060796379022,0.9372944326168565,1495
gaussian_mixture,weight_noise,0.1,0,peikonal,8.0,8,0.0024633218943202486,0.03880354862309594,0.9626459221529143,1495
gaussian_mixture,weight_noise,0.1,0,peikonal,16.0,8,0.0012060399851640431,0.02247598641574198,0.9780180789433198,1495
gaussian_mixture,weight_noise,0.1,0,peikonal,32.0,8,0.0005960952086839252,0.06787998199103139,0.936434821201095,1495
gaussian_mixture,weight_noise,0.1,0,peikonal,64.0,8,0.0002963244629725258,0.06833304614167765,0.9360376931253183,1495
gaussian_mixture,weight_noise,0.1,0,peikonal,128.0,8,0.00014773243273153965,0.06819838979147047,0.9361556893895114,1495
gaussian_mixture,weight_noise,0.1,1,dijkstra,,8,0.04924908517627336,0.03055979652061675,0.9703464111216128,1495
gaussian_mixture,weight_noise,0.1,1,peikonal,1.0,8,0.01057213509153512,0.0068551705462689605,0.9931915028627706,1495
gaussian_mixture,weight_noise,0.1,1,peikonal,2.0,8,0.00400994782490021,0.0068551705462689605,0.9931915028627706,1495
gaussian_mixture,weight_noise,0.1,1,peikonal,4.0,8,0.0028337792825048167,0.025591969344750613,0.975046636372259,1495
gaussian_mixture,weight_noise,0.1,1,peikonal,8.0,8,0.0016788698516917605,0.061976935675137346,0.9416400360562102,1495
gaussian_mixture,weight_noise,0.1,1,peikonal,16.0,8,0.0008364929202772412,0.0628350576207252,0.9408797657075891,1495
gaussian_mixture,weight_noise,0.1,1,peikonal,32.0,8,0.0004163424284472776,0.025966616315010838,0.9746905835900629,1495
gaussian_mixture,weight_noise,0.1,1,peikonal,64.0,8,0.0002077042776330381,0.02613993019372507,0.9745259594480549,1495
gaussian_mixture,weight_noise,0.1,1,peikonal,128.0,8,0.00010373654780677997,0.04269877988420424,0.9590497459976446,1495
gaussian_mixture,weight_noise,0.1,2,dijkstra,,8,0.05061228278361902,0.06659076984921888,0.9375667109339108,1495
gaussian_mixture,weight_noise,0.1,2,peikonal,1.0,8,0.006630513857387487,0.009352551314433513,0.9907341084121162,1495
gaussian_mixture,weight_noise,0.1,2,peikonal,2.0,8,0.004804314491557359,0.06735193320478308,0.9368981016387394,1495
gaussian_mixture,weight_noise,0.1,2,peikonal,4.0,8,0.004528492889599213,0.06690060796379022,0.9372944326168565,1495
gaussian_mixture,weight_noise,0.1,2,peikonal,8.0,8,0.0027892852027227243,0.03880354862309594,0.9626459221529143,1495
gaussian_mixture,weight_noise,0.1,2,peikonal,16.0,8,0.0013726279553220148,0.024036745215762507,0.9765274582889132,1495
gaussian_mixture,weight_noise,0.1,2,peikonal,32.0,8,0.0006761911972484446,0.06787998199103139,0.936434821201095,1495
gaussian_mixture,weight_noise,0.1,2,peikonal,64.0,8,0.00033556431422969153,0.06833304614167765,0.9360376931253183,1495
gaussian_mixture,weight_noise,0.1,2,peikonal,128.0,8,0.00016714954101883613,0.06819838979147047,0.9361556893895114,1495
gaussian_mixture,weight_noise,0.1,3,dijkstra,,8,0.06477031986254482,0.06659076984921888,0.9375667109339108,1495
gaussian_mixture,weight_noise,0.1,3,peikonal,1.0,8,0.013947775557787681,0.002836329565477651,0.9971716924468557,1495
gaussian_mixture,weight_noise,0.1,3,peikonal,2.0,8,0.004173883021619631,0.010386275734272888,0.9897204900900648,1495
gaussian_mixture,weight_noise,0.1,3,peikonal,4.0,8,0.003981451624004469,0.025591969344750613,0.975046636372259,1495
gaussian_mixture,weight_noise,0.1,3,peikonal,8.0,8,0.002320811581075186,0.061976935675137346,0.9416400360562102,1495
gaussian_mixture,weight_noise,0.1,3,peikonal,16.0,8,0.0011413643853950058,0.0628350576207252,0.9408797657075891,1495
gaussian_mixture,weight_noise,0.1,3,peikonal,32.0,8,0.0005638283740057024,0.025966616315010838,0.9746905835900629,1495
gaussian_mixture,weight_noise,0.1,3,peikonal,64.0,8,0.0002802486718241427,0.02613993019372507,0.9745259594480549,1495
gaussian_mixture,weight_noise,0.1,3,peikonal,128.0,8,0.00013971405112355275,0.04269877988420424,0.9590497459976446,1495
gaussian_mixture,weight_noise,0.1,4,dijkstra,,8,0.06272309907808686,0.02972219177208215,0.9711357179542451,1495
gaussian_mixture,weight_noise,0.1,4,peikonal,1.0,8,0.010110503266884547,0.06735193320478308,0.9368981016387394,1495
gaussian_mixture,weight_noise,0.1,4,peikonal,2.0,8,0.004227386261492362,0.06735193320478308,0.9368981016387394,1495
gaussian_mixture,weight_noise,0.1,4,peikonal,4.0,8,0.003063414107959307,0.06690060796379022,0.9372944326168565,1495
gaussian_mixture,weight_noise,0.1,4,peikonal,8.0,8,0.0016248305406055025,0.023708481673861238,0.9768405927094639,1495
gaussian_mixture,weight_noise,0.1,4,peikonal,16.0,8,0.0008092948282943909,0.024036745215762507,0.9765274582889132,1495
gaussian_mixture,weight_noise,0.1,4,peikonal,32.0,8,0.0004035231076776217,0.06787998199103139,0.936434821201095,1495
gaussian_mixture,weight_noise,0.1,4,peikonal,64.0,8,0.00020150443101941452,0.06833304614167765,0.9360376931253183,1495
gaussian_mixture,weight_noise,0.1,4,peikonal,128.0,8,0.00010069090348857124,0.06819838979147047,0.9361556893895114,1495
gaussian_mixture,weight_noise,0.1,5,dijkstra,,8,0.056690964699759434,0.04169225450638303,0.9599764188261731,1495
gaussian_mixture,weight_noise,0.1,5,peikonal,1.0,8,0.008274333798407847,0.06735193320478308,0.9368981016387394,1495
gaussian_mixture,weight_noise,0.1,5,peikonal,2.0,8,0.00564563527068321,0.06735193320478308,0.9368981016387394,1495
gaussian_mixture,weight_noise,0.1,5,peikonal,4.0,8,0.0037275352827087402,0.06690060796379022,0.9372944326168565,1495
gaussian_mixture,weight_noise,0.1,5,peikonal,8.0,8,0.002172770201718816,0.03880354862309594,0.9626459221529143,1495
gaussian_mixture,weight_noise,0.1,5,peikonal,16.0,8,0.0010927019606822943,0.02247598641574198,0.9780180789433198,1495
gaussian_mixture,weight_noise,0.1,5,peikonal,32.0,8,0.0005411189294992504,0.06787998199103139,0.936434821201095,1495
gaussian_mixture,weight_noise,0.1,5,peikonal,64.0,8,0.0002692562883205761,0.06833304614167765,0.9360376931253183,1495
gaussian_mixture,weight_noise,0.1,5,peikonal,128.0,8,0.0001343029901889233,0.06819838979147047,0.9361556893895114,1495
gaussian_mixture,weight_noise,0.1,6,dijkstra,,8,0.05675641273005692,0.04169225450638303,0.9599764188261731,1495
gaussian_mixture,weight_noise,0.1,6,peikonal,1.0,8,0.0065844976037631965,0.06735193320478308,0.9368981016387394,1495
gaussian_mixture,weight_noise,0.1,6,peikonal,2.0,8,0.004164243212014481,0.06735193320478308,0.9368981016387394,1495
gaussian_mixture,weight_noise,0.1,6,peikonal,4.0,8,0.00336816336774596,0.06690060796379022,0.9372944326168565,1495
gaussian_mixture,weight_noise,0.1,6,peikonal,8.0,8,0.0018541849229490547,0.019700046175739203,0.9806805479222818,1495
gaussian_mixture,weight_noise,0.1,6,peikonal,16.0,8,0.0009111770661129623,0.009689732768968687,0.9904032571051351,1495
gaussian_mixture,weight_noise,0.1,6,peikonal,32.0,8,0.000451410348550254,0.06787998199103139,0.936434821201095,1495
gaussian_mixture,weight_noise,0.1,6,peikonal,64.0,8,0.00022467169812273856,0.06833304614167765,0.9360376931253183,1495
gaussian_mixture,weight_noise,0.1,6,peikonal,128.0,8,0.00011207889250752297,0.06819838979147047,0.9361556893895114,1495
gaussian_mixture,weight_noise,0.1,7,dijkstra,,8,0.04568418607662196,0.04169225450638303,0.9599764188261731,1495
gaussian_mixture,weight_noise,0.1,7,peikonal,1.0,8,0.006868405624598449,0.01579231717766606,0.9844532027752046,1495
gaussian_mixture,weight_noise,0.1,7,peikonal,2.0,8,0.008188589909908948,0.009352551314433513,0.9907341084121162,1495
gaussian_mixture,weight_noise,0.1,7,peikonal,4.0,8,0.005891246261910456,0.06690060796379022,0.9372944326168565,1495
gaussian_mixture,weight_noise,0.1,7,peikonal,8.0,8,0.0030288712401505594,0.014532016815399562,0.985676137791082,1495
gaussian_mixture,weight_noise,0.1,7,peikonal,16.0,8,0.001493272519108247,0.019972809612142487,0.9804182921113971,1495
gaussian_mixture,weight_noise,0.1,7,peikonal,32.0,8,0.0007408842156543292,0.06787998199103139,0.936434821201095,1495
gaussian_mixture,weight_noise,0.1,7,peikonal,64.0,8,0.0003690121202808174,0.06833304614167765,0.9360376931253183,1495
gaussian_mixture,weight_noise,0.1,7,peikonal,128.0,8,0.00018414953411944113,0.06819838979147047,0.9361556893895114,1495
gaussian_mixture,weight_noise,0.1,8,dijkstra,,8,0.05229364896892524,0.06659076984921888,0.9375667109339108,1495
gaussian_mixture,weight_noise,0.1,8,peikonal,1.0,8,0.006921989120045597,0.0068551705462689605,0.9931915028627706,1495
gaussian_mixture,weight_noise,0.1,8,peikonal,2.0,8,0.006719444984814628,0.0068551705462689605,0.9931915028627706,1495
gaussian_mixture,weight_noise,0.1,8,peikonal,4.0,8,0.005653188914341383,0.010316677310356287,0.989788669689368,1495
gaussian_mixture,weight_noise,0.1,8,peikonal,8.0,8,0.0030466771235878555,0.061976935675137346,0.9416400360562102,1495
gaussian_mixture,weight_noise,0.1,8,peikonal,16.0,8,0.0014953974072965143,0.0628350576207252,0.9408797657075891,1495
gaussian_mixture,weight_noise,0.1,8,peikonal,32.0,8,0.0007393727652322189,0.02157639394501575,0.9788793142902468,1495
gaussian_mixture,weight_noise,0.1,8,peikonal,64.0,8,0.0003676115495630465,0.021720405335560893,0.9787413413472669,1495
gaussian_mixture,weight_noise,0.1,8,peikonal,128.0,8,0.0001832880205509935,0.04269877988420424,0.9590497459976446,1495
gaussian_mixture,weight_noise,0.1,9,dijkstra,,8,0.04157972238121357,0.04169225450638303,0.9599764188261731,1495
gaussian_mixture,weight_noise,0.1,9,peikonal,1.0,8,0.006557937772828615,0.06735193320478308,0.9368981016387394,1495
gaussian_mixture,weight_noise,0.1,9,peikonal,2.0,8,0.005282583697138966,0.06735193320478308,0.9368981016387394,1495
gaussian_mixture,weight_noise,0.1,9,peikonal,4.0,8,0.004877156663145756,0.06690060796379022,0.9372944326168565,1495
gaussian_mixture,weight_noise,0.1,9,peikonal,8.0,8,0.002711999592778294,0.023708481673861238,0.9768405927094639,1495
gaussian_mixture,weight_noise,0.1,9,peikonal,16.0,8,0.0013308117062139084,0.024036745215762507,0.9765274582889132,1495
gaussian_mixture,weight_noise,0.1,9,peikonal,32.0,8,0.0006583348753872066,0.06787998199103139,0.936434821201095,1495
gaussian_mixture,weight_noise,0.1,9,peikonal,64.0,8,0.00032741125788136817,0.06833304614167765,0.9360376931253183,1495
gaussian_mixture,weight_noise,0.1,9,peikonal,128.0,8,0.00016326808634969996,0.06819838979147047,0.9361556893895114,1495
gaussian_mixture,weight_noise,0.2,0,dijkstra,,8,0.10920726521363311,0.02972219177208215,0.9711357179542451,1495
gaussian_mixture,weight_noise,0.2,0,peikonal,1.0,8,0.020122755781486982,0.06735193320478308,0.9368981016387394,1495
gaussian_mixture,weight_noise,0.2,0,peikonal,2.0,8,0.01217648717056441,0.06735193320478308,0.9368981016387394,1495
gaussian_mixture,weight_noise,0.2,0,peikonal,4.0,8,0.00966554271607327,0.06690060796379022,0.9372944326168565,1495
gaussian_mixture,weight_noise,0.2,0,peikonal,8.0,8,0.004998621259760427,0.03880354862309594,0.9626459221529143,1495
gaussian_mixture,weight_noise,0.2,0,peikonal,16.0,8,0.002418495832362192,0.02247598641574198,0.9780180789433198,1495
gaussian_mixture,weight_noise,0.2,0,peikonal,32.0,8,0.0011888216409200061,0.06787998199103139,0.936434821201095,1495
gaussian_mixture,weight_noise,0.2,0,peikonal,64.0,8,0.0005894167271895493,0.06833304614167765,0.9360376931253183,1495
gaussian_mixture,weight_noise,0.2,0,peikonal,128.0,8,0.00029347395095149484,0.06819838979147047,0.9361556893895114,1495
gaussian_mixture,weight_noise,0.2,1,dijkstra,,8,0.10433903673704437,0.03055979652061675,0.9703464111216128,1495
gaussian_mixture,weight_noise,0.2,1,peikonal,1.0,8,0.01720719664622133,0.009352551314433513,0.9907341084121162,1495
gaussian_mixture,weight_noise,0.2,1,peikonal,2.0,8,0.007366529286837899,0.0068551705462689605,0.9931915028627706,1495
gaussian_mixture,weight_noise,0.2,1,peikonal,4.0,8,0.005372971991563891,0.025591969344750613,0.975046636372259,1495
gaussian_mixture,weight_noise,0.2,1,peikonal,8.0,8,0.003394141581022051,0.061976935675137346,0.9416400360562102,1495
gaussian_mixture,weight_noise,0.2,1,peikonal,16.0,8,0.0016922751271519815,0.0628350576207252,0.9408797657075891,1495
gaussian_mixture,weight_noise,0.2,1,peikonal,32.0,8,0.0008397706852286381,0.025966616315010838,0.9746905835900629,1495
gaussian_mixture,weight_noise,0.2,1,peikonal,64.0,8,0.00041836123208382553,0.02613993019372507,0.9745259594480549,1495
gaussian_mixture,weight_noise,0.2,1,peikonal,128.0,8,0.00020880800225238908,0.04269877988420424,0.9590497459976446,1495
gaussian_mixture,weight_noise,0.2,2,dijkstra,,8,0.11276187830148933,0.09117918186181986,0.916439771416601,1495
gaussian_mixture,weight_noise,0.2,2,peikonal,1.0,8,0.015463058042473743,0.009352551314433513,0.9907341084121162,1495
gaussian_mixture,weight_noise,0.2,2,peikonal,2.0,8,0.010278878383084876,0.06735193320478308,0.9368981016387394,1495
gaussian_mixture,weight_noise,0.2,2,peikonal,4.0,8,0.009983221501993371,0.06690060796379022,0.9372944326168565,1495
gaussian_mixture,weight_noise,0.2,2,peikonal,8.0,8,0.006350355472302616,0.023708481673861238,0.9768405927094639,1495
gaussian_mixture,weight_noise,0.2,2,peikonal,16.0,8,0.003135456237203636,0.024036745215762507,0.9765274582889132,1495
gaussian_mixture,weight_noise,0.2,2,peikonal,32.0,8,0.0015372045809597516,0.06787998199103139,0.936434821201095,1495
gaussian_mixture,weight_noise,0.2,2,peikonal,64.0,8,0.0007609982791558346,0.06833304614167765,0.9360376931253183,1495
gaussian_mixture,weight_noise,0.2,2,peikonal,128.0,8,0.00037860221854668885,0.06819838979147047,0.9361556893895114,1495
gaussian_mixture,weight_noise,0.2,3,dijkstra,,8,0.1352258763453647,0.06659076984921888,0.9375667109339108,1495
gaussian_mixture,weight_noise,0.2,3,peikonal,1.0,8,0.024197442458712904,0.002836329565477651,0.9971716924468557,1495
gaussian_mixture,weight_noise,0.2,3,peikonal,2.0,8,0.008259711987671756,0.010386275734272888,0.9897204900900648,1495
gaussian_mixture,weight_noise,0.2,3,peikonal,4.0,8,0.008989562656929868,0.025591969344750613,0.975046636372259,1495
gaussian_mixture,weight_noise,0.2,3,peikonal,8.0,8,0.005568059409568664,0.061976935675137346,0.9416400360562102,1495
gaussian_mixture,weight_noise,0.2,3,peikonal,16.0,8,0.0027003474378676454,0.0628350576207252,0.9408797657075891,1495
gaussian_mixture,weight_noise,0.2,3,peikonal,32.0,8,0.001322352743425623,0.025966616315010838,0.9746905835900629,1495
gaussian_mixture,weight_noise,0.2,3,peikonal,64.0,8,0.0006544148966660079,0.02613993019372507,0.9745259594480549,1495
gaussian_mixture,weight_noise,0.2,3,peikonal,128.0,8,0.00032554170550144534,0.04269877988420424,0.9590497459976446,1495
gaussian_mixture,weight_noise,0.2,4,dijkstra,,8,0.1310724298034749,0.02972219177208215,0.9711357179542451,1495
gaussian_mixture,weight_noise,0.2,4,peikonal,1.0,8,0.014734894287906815,0.06735193320478308,0.9368981016387394,1495
gaussian_mixture,weight_noise,0.2,4,peikonal,2.0,8,0.008183417108853045,0.06735193320478308,0.9368981016387394,1495
gaussian_mixture,weight_noise,0.2,4,peikonal,4.0,8,0.005934324075085587,0.06690060796379022,0.9372944326168565,1495
gaussian_mixture,weight_noise,0.2,4,peikonal,8.0,8,0.0032176074668512646,0.023708481673861238,0.9768405927094639,1495
gaussian_mixture,weight_noise,0.2,4,peikonal,16.0,8,0.0015894814012838666,0.024036745215762507,0.9765274582889132,1495
gaussian_mixture,weight_noise,0.2,4,peikonal,32.0,8,0.0007889561910101411,0.06787998199103139,0.936434821201095,1495
gaussian_mixture,weight_noise,0.2,4,peikonal,64.0,8,0.00039315085334291753,0.06833304614167765,0.9360376931253183,1495
gaussian_mixture,weight_noise,0.2,4,peikonal,128.0,8,0.00019625837333085426,0.06819838979147047,0.9361556893895114,1495
gaussian_mixture,weight_noise,0.2,5,dijkstra,,8,0.12257495799125308,0.04169225450638303,0.9599764188261731,1495
gaussian_mixture,weight_noise,0.2,5,peikonal,1.0,8,0.016774162139315832,0.06735193320478308,0.9368981016387394,1495
gaussian_mixture,weight_noise,0.2,5,peikonal,2.0,8,0.011604610491123699,0.06735193320478308,0.9368981016387394,1495
gaussian_mixture,weight_noise,0.2,5,peikonal,4.0,8,0.008207016735327777,0.06690060796379022,0.9372944326168565,1495
gaussian_mixture,weight_noise,0.2,5,peikonal,8.0,8,0.004883805218671292,0.03880354862309594,0.9626459221529143,1495
gaussian_mixture,weight_noise,0.2,5,peikonal,16.0,8,0.002468783605116424,0.02247598641574198,0.9780180789433198,1495
gaussian_mixture,weight_noise,0.2,5,peikonal,32.0,8,0.0012163252422397288,0.06787998199103139,0.936434821201095,1495
gaussian_mixture,weight_noise,0.2,5,peikonal,64.0,8,0.000603690978964054,0.06833304614167765,0.9360376931253183,1495
gaussian_mixture,weight_noise,0.2,5,peikonal,128.0,8,0.00030073356223716803,0.06819838979147047,0.9361556893895114,1495
gaussian_mixture,weight_noise,0.2,6,dijkstra,,8,0.11871467596070305,0.04169225450638303,0.9599764188261731,1495
gaussian_mixture,weight_noise,0.2,6,peikonal,1.0,8,0.01288386607902674,0.06735193320478308,0.9368981016387394,1495
gaussian_mixture,weight_noise,0.2,6,peikonal,2.0,8,0.00879879248847329,0.06735193320478308,0.9368981016387394,1495
gaussian_mixture,weight_noise,0.2,6,peikonal,4.0,8,0.007325260497380141,0.06690060796379022,0.9372944326168565,1495
gaussian_mixture,weight_noise,0.2,6,peikonal,8.0,8,0.004044266206589394,0.019700046175739203,0.9806805479222818,1495
gaussian_mixture,weight_noise,0.2,6,peikonal,16.0,8,0.001966007740652435,0.009689732768968687,0.9904032571051351,1495
gaussian_mixture,weight_noise,0.2,6,peikonal,32.0,8,0.0009681793631487782,0.06787998199103139,0.936434821201095,1495
gaussian_mixture,weight_noise,0.2,6,peikonal,64.0,8,0.00048044008913529035,0.06833304614167765,0.9360376931253183,1495
gaussian_mixture,weight_noise,0.2,6,peikonal,128.0,8,0.00023931485407846943,0.06819838979147047,0.9361556893895114,1495
gaussian_mixture,weight_noise,0.2,7,dijkstra,,8,0.09641862770998752,0.08056230039412891,0.9254440948340098,1495
gaussian_mixture,weight_noise,0.2,7,peikonal,1.0,8,0.012940848350526012,0.01579231717766606,0.9844532027752046,1495
gaussian_mixture,weight_noise,0.2,7,peikonal,2.0,8,0.01668510144080966,0.009352551314433513,0.9907341084121162,1495
gaussian_mixture,weight_noise,0.2,7,peikonal,4.0,8,0.012314298303794352,0.06690060796379022,0.9372944326168565,1495
gaussian_mixture,weight_noise,0.2,7,peikonal,8.0,8,0.006405613481197828,0.009557402623174546,0.9905330765755952,1495
gaussian_mixture,weight_noise,0.2,7,peikonal,16.0,8,0.003138957031419447,0.019972809612142487,0.9804182921113971,1495
gaussian_mixture,weight_noise,0.2,7,peikonal,32.0,8,0.0015517782054763117,0.06787998199103139,0.936434821201095,1495
gaussian_mixture,weight_noise,0.2,7,peikonal,64.0,8,0.0007715268460348286,0.06833304614167765,0.9360376931253183,1495
gaussian_mixture,weight_noise,0.2,7,peikonal,128.0,8,0.0003846807149944989,0.06819838979147047,0.9361556893895114,1495
gaussian_mixture,weight_noise,0.2,8,dijkstra,,8,0.1132689394031751,0.0862231337921222,0.9206211586646034,1495
gaussian_mixture,weight_noise,0.2,8,peikonal,1.0,8,0.014079572899964515,0.0068551705462689605,0.9931915028627706,1495
gaussian_mixture,weight_noise,0.2,8,peikonal,2.0,8,0.013809233201642556,0.0068551705462689605,0.9931915028627706,1495
gaussian_mixture,weight_noise,0.2,8,peikonal,4.0,8,0.012484441450256975,0.010316677310356287,0.989788669689368,1495
gaussian_mixture,weight_noise,0.2,8,peikonal,8.0,8,0.006780468774222274,0.061976935675137346,0.9416400360562102,1495
gaussian_mixture,weight_noise,0.2,8,peikonal,16.0,8,0.0032982302002205833,0.0628350576207252,0.9408797657075891,1495
gaussian_mixture,weight_noise,0.2,8,peikonal,32.0,8,0.001624167554830364,0.02157639394501575,0.9788793142902468,1495
gaussian_mixture,weight_noise,0.2,8,peikonal,64.0,8,0.0008058869125753854,0.021720405335560893,0.9787413413472669,1495
gaussian_mixture,weight_noise,0.2,8,peikonal,128.0,8,0.0004013996184262805,0.04269877988420424,0.9590497459976446,1495
gaussian_mixture,weight_noise,0.2,9,dijkstra,,8,0.0872207945960215,0.04169225450638303,0.9599764188261731,1495
gaussian_mixture,weight_noise,0.2,9,peikonal,1.0,8,0.01253915697009854,0.06735193320478308,0.9368981016387394,1495
gaussian_mixture,weight_noise,0.2,9,peikonal,2.0,8,0.011168367870431127,0.06735193320478308,0.9368981016387394,1495
gaussian_mixture,weight_noise,0.2,9,peikonal,4.0,8,0.010827385277055774,0.06690060796379022,0.9372944326168565,1495
gaussian_mixture,weight_noise,0.2,9,peikonal,8.0,8,0.006154121544733593,0.023708481673861238,0.9768405927094639,1495
gaussian_mixture,weight_noise,0.2,9,peikonal,16.0,8,0.003003245072490086,0.024036745215762507,0.9765274582889132,1495
gaussian_mixture,weight_noise,0.2,9,peikonal,32.0,8,0.0014803015151887468,0.06787998199103139,0.936434821201095,1495
gaussian_mixture,weight_noise,0.2,9,peikonal,64.0,8,0.0007348598276863186,0.06833304614167765,0.9360376931253183,1495
gaussian_mixture,weight_noise,0.2,9,peikonal,128.0,8,0.0003661123419166169,0.06819838979147047,0.9361556893895114,1495
obstacle_grid,weight_noise,0.0,0,dijkstra,,8,0.0,0.0,1.0,1061
obstacle_grid,weight_noise,0.0,0,peikonal,1.0,8,0.0,0.0,1.0,1061
obstacle_grid,weight_noise,0.0,0,peikonal,2.0,8,0.0,0.0,1.0,1061
obstacle_grid,weight_noise,0.0,0,peikonal,4.0,8,0.0,0.0,1.0,1061
obstacle_grid,weight_noise,0.0,0,peikonal,8.0,8,0.0,0.0,1.0,1061
obstacle_grid,weight_noise,0.0,0,peikonal,16.0,8,0.0,0.0,1.0,1061
obstacle_grid,weight_noise,0.0,0,peikonal,32.0,8,0.0,0.0,1.0,1061
obstacle_grid,weight_noise,0.0,0,peikonal,64.0,8,0.0,0.0,1.0,1061
obstacle_grid,weight_noise,0.0,0,peikonal,128.0,8,0.0,0.0,1.0,1061
obstacle_grid,weight_noise,0.0,1,dijkstra,,8,0.0,0.0,1.0,1061
obstacle_grid,weight_noise,0.0,1,peikonal,1.0,8,0.0,0.0,1.0,1061
obstacle_grid,weight_noise,0.0,1,peikonal,2.0,8,0.0,0.0,1.0,1061
obstacle_grid,weight_noise,0.0,1,peikonal,4.0,8,0.0,0.0,1.0,1061
obstacle_grid,weight_noise,0.0,1,peikonal,8.0,8,0.0,0.0,1.0,1061
obstacle_grid,weight_noise,0.0,1,peikonal,16.0,8,0.0,0.0,1.0,1061
obstacle_grid,weight_noise,0.0,1,peikonal,32.0,8,0.0,0.0,1.0,1061
obstacle_grid,weight_noise,0.0,1,peikonal,64.0,8,0.0,0.0,1.0,1061
obstacle_grid,weight_noise,0.0,1,peikonal,128.0,8,0.0,0.0,1.0,1061
obstacle_grid,weight_noise,0.0,2,dijkstra,,8,0.0,0.0,1.0,1061
obstacle_grid,weight_noise,0.0,2,peikonal,1.0,8,0.0,0.0,1.0,1061
obstacle_grid,weight_noise,0.0,2,peikonal,2.0,8,0.0,0.0,1.0,1061
obstacle_grid,weight_noise,0.0,2,peikonal,4.0,8,0.0,0.0,1.0,1061
obstacle_grid,weight_noise,0.0,2,peikonal,8.0,8,0.0,0.0,1.0,1061
obstacle_grid,weight_noise,0.0,2,peikonal,16.0,8,0.0,0.0,1.0,1061
obstacle_grid,weight_noise,0.0,2,peikonal,32.0,8,0.0,0.0,1.0,1061
obstacle_grid,weight_noise,0.0,2,peikonal,64.0,8,0.0,0.0,1.0,1061
obstacle_grid,weight_noise,0.0,2,peikonal,128.0,8,0.0,0.0,1.0,1061
obstacle_grid,weight_noise,0.0,3,dijkstra,,8,0.0,0.0,1.0,1061
obstacle_grid,weight_noise,0.0,3,peikonal,1.0,8,0.0,0.0,1.0,1061
obstacle_grid,weight_noise,0.0,3,peikonal,2.0,8,0.0,0.0,1.0,1061
obstacle_grid,weight_noise,0.0,3,peikonal,4.0,8,0.0,0.0,1.0,1061
obstacle_grid,weight_noise,0.0,3,peikonal,8.0,8,0.0,0.0,1.0,1061
obstacle_grid,weight_noise,0.0,3,peikonal,16.0,8,0.0,0.0,1.0,1061
obstacle_grid,weight_noise,0.0,3,peikonal,32.0,8,0.0,0.0,1.0,1061
obstacle_grid,weight_noise,0.0,3,peikonal,64.0,8,0.0,0.0,1.0,1061
obstacle_grid,weight_noise,0.0,3,peikonal,128.0,8,0.0,0.0,1.0,1061
obstacle_grid,weight_noise,0.0,4,dijkstra,,8,0.0,0.0,1.0,1061
obstacle_grid,weight_noise,0.0,4,peikonal,1.0,8,0.0,0.0,1.0,1061
obstacle_grid,weight_noise,0.0,4,peikonal,2.0,8,0.0,0.0,1.0,1061
obstacle_grid,weight_noise,0.0,4,peikonal,4.0,8,0.0,0.0,1.0,1061
obstacle_grid,weight_noise,0.0,4,peikonal,8.0,8,0.0,0.0,1.0,1061
obstacle_grid,weight_noise,0.0,4,peikonal,16.0,8,0.0,0.0,1.0,1061
obstacle_grid,weight_noise,0.0,4,peikonal,32.0,8,0.0,0.0,1.0,1061
obstacle_grid,weight_noise,0.0,4,peikonal,64.0,8,0.0,0.0,1.0,1061
obstacle_grid,weight_noise,0.0,4,peikonal,128.0,8,0.0,0.0,1.0,1061
obstacle_grid,weight_noise,0.0,5,dijkstra,,8,0.0,0.0,1.0,1061
obstacle_grid,weight_noise,0.0,5,peikonal,1.0,8,0.0,0.0,1.0,1061
obstacle_grid,weight_noise,0.0,5,peikonal,2.0,8,0.0,0.0,1.0,1061
obstacle_grid,weight_noise,0.0,5,peikonal,4.0,8,0.0,0.0,1.0,1061
obstacle_grid,weight_noise,0.0,5,peikonal,8.0,8,0.0,0.0,1.0,1061
obstacle_grid,weight_noise,0.0,5,peikonal,16.0,8,0.0,0.0,1.0,1061
obstacle_grid,weight_noise,0.0,5,peikonal,32.0,8,0.0,0.0,1.0,1061
obstacle_grid,weight_noise,0.0,5,peikonal,64.0,8,0.0,0.0,1.0,1061
obstacle_grid,weight_noise,0.0,5,peikonal,128.0,8,0.0,0.0,1.0,1061
obstacle_grid,weight_noise,0.0,6,dijkstra,,8,0.0,0.0,1.0,1061
obstacle_grid,weight_noise,0.0,6,peikonal,1.0,8,0.0,0.0,1.0,1061
obstacle_grid,weight_noise,0.0,6,peikonal,2.0,8,0.0,0.0,1.0,1061
obstacle_grid,weight_noise,0.0,6,peikonal,4.0,8,0.0,0.0,1.0,1061
obstacle_grid,weight_noise,0.0,6,peikonal,8.0,8,0.0,0.0,1.0,1061
obstacle_grid,weight_noise,0.0,6,peikonal,16.0,8,0.0,0.0,1.0,1061
obstacle_grid,weight_noise,0.0,6,peikonal,32.0,8,0.0,0.0,1.0,1061
obstacle_grid,weight_noise,0.0,6,peikonal,64.0,8,0.0,0.0,1.0,1061
obstacle_grid,weight_noise,0.0,6,peikonal,128.0,8,0.0,0.0,1.0,1061
obstacle_grid,weight_noise,0.0,7,dijkstra,,8,0.0,0.0,1.0,1061
obstacle_grid,weight_noise,0.0,7,peikonal,1.0,8,0.0,0.0,1.0,1061
obstacle_grid,weight_noise,0.0,7,peikonal,2.0,8,0.0,0.0,1.0,1061
obstacle_grid,weight_noise,0.0,7,peikonal,4.0,8,0.0,0.0,1.0,1061
obstacle_grid,weight_noise,0.0,7,peikonal,8.0,8,0.0,0.0,1.0,1061
obstacle_grid,weight_noise,0.0,7,peikonal,16.0,8,0.0,0.0,1.0,1061
obstacle_grid,weight_noise,0.0,7,peikonal,32.0,8,0.0,0.0,1.0,1061
obstacle_grid,weight_noise,0.0,7,peikonal,64.0,8,0.0,0.0,1.0,1061
obstacle_grid,weight_noise,0.0,7,peikonal,128.0,8,0.0,0.0,1.0,1061
obstacle_grid,weight_noise,0.0,8,dijkstra,,8,0.0,0.0,1.0,1061
obstacle_grid,weight_noise,0.0,8,peikonal,1.0,8,0.0,0.0,1.0,1061
obstacle_grid,weight_noise,0.0,8,peikonal,2.0,8,0.0,0.0,1.0,1061
obstacle_grid,weight_noise,0.0,8,peikonal,4.0,8,0.0,0.0,1.0,1061
obstacle_grid,weight_noise,0.0,8,peikonal,8.0,8,0.0,0.0,1.0,1061
obstacle_grid,weight_noise,0.0,8,peikonal,16.0,8,0.0,0.0,1.0,1061
obstacle_grid,weight_noise,0.0,8,peikonal,32.0,8,0.0,0.0,1.0,1061
obstacle_grid,weight_noise,0.0,8,peikonal,64.0,8,0.0,0.0,1.0,1061
obstacle_grid,weight_noise,0.0,8,peikonal,128.0,8,0.0,0.0,1.0,1061
obstacle_grid,weight_noise,0.0,9,dijkstra,,8,0.0,0.0,1.0,1061
obstacle_grid,weight_noise,0.0,9,peikonal,1.0,8,0.0,0.0,1.0,1061
obstacle_grid,weight_noise,0.0,9,peikonal,2.0,8,0.0,0.0,1.0,1061
obstacle_grid,weight_noise,0.0,9,peikonal,4.0,8,0.0,0.0,1.0,1061
obstacle_grid,weight_noise,0.0,9,peikonal,8.0,8,0.0,0.0,1.0,1061
obstacle_grid,weight_noise,0.0,9,peikonal,16.0,8,0.0,0.0,1.0,1061
obstacle_grid,weight_noise,0.0,9,peikonal,32.0,8,0.0,0.0,1.0,1061
obstacle_grid,weight_noise,0.0,9,peikonal,64.0,8,0.0,0.0,1.0,1061
obstacle_grid,weight_noise,0.0,9,peikonal,128.0,8,0.0,0.0,1.0,1061
obstacle_grid,weight_noise,0.05,0,dijkstra,,8,0.01191266263409727,0.06467639252791316,0.939252534402168,1061
obstacle_grid,weight_noise,0.05,0,peikonal,1.0,8,0.0032831542236562523,0.021591879216969208,0.9788644764546103,1061
obstacle_grid,weight_noise,0.05,0,peikonal,2.0,8,0.0014839275167692117,0.022152252794046038,0.9783278344948191,1061
obstacle_grid,weight_noise,0.05,0,peikonal,4.0,8,0.0013313701869187052,0.021753051087744755,0.9787100698504528,1061
obstacle_grid,weight_noise,0.05,0,peikonal,8.0,8,0.0008609723072106149,0.021753051087744755,0.9787100698504528,1061
obstacle_grid,weight_noise,0.05,0,peikonal,16.0,8,0.00043910197973006553,0.021753051087744755,0.9787100698504528,1061
obstacle_grid,weight_noise,0.05,0,peikonal,32.0,8,0.00022345216200284407,0.021753051087744755,0.9787100698504528,1061
obstacle_grid,weight_noise,0.05,0,peikonal,64.0,8,0.00011087531122469528,0.021753051087744755,0.9787100698504528,1061
obstacle_grid,weight_noise,0.05,0,peikonal,128.0,8,5.520986025719791e-05,0.021753051087744755,0.9787100698504528,1061
obstacle_grid,weight_noise,0.05,1,dijkstra,,8,0.014124644203986193,0.04311759501860877,0.9586646843802501,1061
obstacle_grid,weight_noise,0.05,1,peikonal,1.0,8,0.0024285371569365854,0.021591879216969208,0.9788644764546103,1061
obstacle_grid,weight_noise,0.05,1,peikonal,2.0,8,0.0015778816055934581,0.0,1.0,1061
obstacle_grid,weight_noise,0.05,1,peikonal,4.0,8,0.0010571978679809857,0.021753051087744755,0.9787100698504528,1061
obstacle_grid,weight_noise,0.05,1,peikonal,8.0,8,0.0006475306407182519,0.0,1.0,1061
obstacle_grid,weight_noise,0.05,1,peikonal,16.0,8,0.0003269370498304569,0.0,1.0,1061
obstacle_grid,weight_noise,0.05,1,peikonal,32.0,8,0.00016407124406459038,0.0,1.0,1061
obstacle_grid,weight_noise,0.05,1,peikonal,64.0,8,8.143426085069217e-05,0.0,1.0,1061
obstacle_grid,weight_noise,0.05,1,peikonal,128.0,8,4.0563034583442004e-05,0.0,1.0,1061
obstacle_grid,weight_noise,0.05,2,dijkstra,,8,0.013120751167735215,0.021558797509304384,0.9788961755682908,1061
obstacle_grid,weight_noise,0.05,2,peikonal,1.0,8,0.0023969127226766414,0.021591879216969208,0.9788644764546103,1061
obstacle_grid,weight_noise,0.05,2,peikonal,2.0,8,0.0016048162449794536,0.022152252794046038,0.9783278344948191,1061
obstacle_grid,weight_noise,0.05,2,peikonal,4.0,8,0.001292487585838787,0.021753051087744755,0.9787100698504528,1061
obstacle_grid,weight_noise,0.05,2,peikonal,8.0,8,0.0008310954331809693,0.021753051087744755,0.9787100698504528,1061
obstacle_grid,weight_noise,0.05,2,peikonal,16.0,8,0.00041055772986258853,0.021753051087744755,0.9787100698504528,1061
obstacle_grid,weight_noise,0.05,2,peikonal,32.0,8,0.00020071249772884273,0.021753051087744755,0.9787100698504528,1061
obstacle_grid,weight_noise,0.05,2,peikonal,64.0,8,9.948408974206333e-05,0.021753051087744755,0.9787100698504528,1061
obstacle_grid,weight_noise,0.05,2,peikonal,128.0,8,4.952040412135024e-05,0.021753051087744755,0.9787100698504528,1061
obstacle_grid,weight_noise,0.05,3,dijkstra,,8,0.017020625570794628,0.04311759501860877,0.9586646843802501,1061
obstacle_grid,weight_noise,0.05,3,peikonal,1.0,8,0.002376808074948701,0.0,1.0,1061
obstacle_grid,weight_noise,0.05,3,peikonal,2.0,8,0.001655759395429947,0.022152252794046038,0.9783278344948191,1061
obstacle_grid,weight_noise,0.05,3,peikonal,4.0,8,0.0010776470408718503,0.021753051087744755,0.9787100698504528,1061
obstacle_grid,weight_noise,0.05,3,peikonal,8.0,8,0.0006649787556288526,0.021753051087744755,0.9787100698504528,1061
obstacle_grid,weight_noise,0.05,3,peikonal,16.0,8,0.0003377708229921321,0.021753051087744755,0.9787100698504528,1061
obstacle_grid,weight_noise,0.05,3,peikonal,32.0,8,0.00016999375716487573,0.021753051087744755,0.9787100698504528,1061
obstacle_grid,weight_noise,0.05,3,peikonal,64.0,8,8.45201107406283e-05,0.021753051087744755,0.9787100698504528,1061
obstacle_grid,weight_noise,0.05,3,peikonal,128.0,8,4.211021382025767e-05,0.021753051087744755,0.9787100698504528,1061
obstacle_grid,weight_noise,0.05,4,dijkstra,,8,0.02192255382773811,0.06097748765222712,0.942527067386547,1061
obstacle_grid,weight_noise,0.05,4,peikonal,1.0,8,0.0033184875863109505,0.03053552842575961,0.9703692618221466,1061
obstacle_grid,weight_noise,0.05,4,peikonal,2.0,8,0.0022517765026091067,0.022152252794046038,0.9783278344948191,1061
obstacle_grid,weight_noise,0.05,4,peikonal,4.0,8,0.001535801266733152,0.021753051087744755,0.9787100698504528,1061
obstacle_grid,weight_noise,0.05,4,peikonal,8.0,8,0.000939561937896286,0.021753051087744755,0.9787100698504528,1061
obstacle_grid,weight_noise,0.05,4,peikonal,16.0,8,0.0004638959987522503,0.021753051087744755,0.9787100698504528,1061
obstacle_grid,weight_noise,0.05,4,peikonal,32.0,8,0.00023069018453349526,0.021753051087744755,0.9787100698504528,1061
obstacle_grid,weight_noise,0.05,4,peikonal,64.0,8,0.00011475907254639015,0.021753051087744755,0.9787100698504528,1061
obstacle_grid,weight_noise,0.05,4,peikonal,128.0,8,5.723345589240241e-05,0.021753051087744755,0.9787100698504528,1061
obstacle_grid,weight_noise,0.05,5,dijkstra,,8,0.013259641424747125,0.04311759501860877,0.9586646843802501,1061
obstacle_grid,weight_noise,0.05,5,peikonal,1.0,8,0.003806039457322204,0.03053552842575961,0.9703692618221466,1061
obstacle_grid,weight_noise,0.05,5,peikonal,2.0,8,0.002438869052816109,0.022152252794046038,0.9783278344948191,1061
obstacle_grid,weight_noise,0.05,5,peikonal,4.0,8,0.0011868009118777465,0.0,1.0,1061
obstacle_grid,weight_noise,0.05,5,peikonal,8.0,8,0.0007969072447778424,0.021753051087744755,0.9787100698504528,1061
obstacle_grid,weight_noise,0.05,5,peikonal,16.0,8,0.00041010324409249317,0.021753051087744755,0.9787100698504528,1061
obstacle_grid,weight_noise,0.05,5,peikonal,32.0,8,0.000209366927968309,0.021753051087744755,0.9787100698504528,1061
obstacle_grid,weight_noise,0.05,5,peikonal,64.0,8,0.00010415762473436251,0.021753051087744755,0.9787100698504528,1061
obstacle_grid,weight_noise,0.05,5,peikonal,128.0,8,5.191425147980121e-05,0.021753051087744755,0.9787100698504528,1061
obstacle_grid,weight_noise,0.05,6,dijkstra,,8,0.015027167992409461,0.04311759501860877,0.9586646843802501,1061
obstacle_grid,weight_noise,0.05,6,peikonal,1.0,8,0.0023175069835387856,0.021591879216969208,0.9788644764546103,1061
obstacle_grid,weight_noise,0.05,6,peikonal,2.0,8,0.0021411029486614643,0.022152252794046038,0.9783278344948191,1061
obstacle_grid,weight_noise,0.05,6,peikonal,4.0,8,0.001647962670598295,0.021753051087744755,0.9787100698504528,1061
obstacle_grid,weight_noise,0.05,6,peikonal,8.0,8,0.0009374343352780091,0.021753051087744755,0.9787100698504528,1061
obstacle_grid,weight_noise,0.05,6,peikonal,16.0,8,0.0004485157739158455,0.021753051087744755,0.9787100698504528,1061
obstacle_grid,weight_noise,0.05,6,peikonal,32.0,8,0.00021608509448588795,0.021753051087744755,0.9787100698504528,1061
obstacle_grid,weight_noise,0.05,6,peikonal,64.0,8,0.00010728118861720214,0.021753051087744755,0.9787100698504528,1061
obstacle_grid,weight_noise,0.05,6,peikonal,128.0,8,5.3447118569609946e-05,0.021753051087744755,0.9787100698504528,1061
obstacle_grid,weight_noise,0.05,7,dijkstra,,8,0.015180460538135043,0.06467639252791316,0.939252534402168,1061
obstacle_grid,weight_noise,0.05,7,peikonal,1.0,8,0.0029060486982007256,0.03053552842575961,0.9703692618221466,1061
obstacle_grid,weight_noise,0.05,7,peikonal,2.0,8,0.002159226818879944,0.022152252794046038,0.9783278344948191,1061
obstacle_grid,weight_noise,0.05,7,peikonal,4.0,8,0.00133316867189269,0.021753051087744755,0.9787100698504528,1061
obstacle_grid,weight_noise,0.05,7,peikonal,8.0,8,0.0008632115475844405,0.021753051087744755,0.9787100698504528,1061
obstacle_grid,weight_noise,0.05,7,peikonal,16.0,8,0.0004406534101707814,0.021753051087744755,0.9787100698504528,1061
obstacle_grid,weight_noise,0.05,7,peikonal,32.0,8,0.00022529947311753266,0.021753051087744755,0.9787100698504528,1061
obstacle_grid,weight_noise,0.05,7,peikonal,64.0,8,0.00011190155630925747,0.021753051087744755,0.9787100698504528,1061
obstacle_grid,weight_noise,0.05,7,peikonal,128.0,8,5.569960655057504e-05,0.021753051087744755,0.9787100698504528,1061
obstacle_grid,weight_noise,0.05,8,dijkstra,,8,0.013686748787399058,0.04820693674395778,0.954010095665172,1061
obstacle_grid,weight_noise,0.05,8,peikonal,1.0,8,0.0024804630835917147,0.03053552842575961,0.9703692618221466,1061
obstacle_grid,weight_noise,0.05,8,peikonal,2.0,8,0.0018538602647632397,0.022152252794046038,0.9783278344948191,1061
obstacle_grid,weight_noise,0.05,8,peikonal,4.0,8,0.0012986046973000992,0.021753051087744755,0.9787100698504528,1061
obstacle_grid,weight_noise,0.05,8,peikonal,8.0,8,0.0007997017086308431,0.021753051087744755,0.9787100698504528,1061
obstacle_grid,weight_noise,0.05,8,peikonal,16.0,8,0.0003969725784292956,0.021753051087744755,0.9787100698504528,1061
obstacle_grid,weight_noise,0.05,8,peikonal,32.0,8,0.00019687977794784236,0.021753051087744755,0.9787100698504528,1061
obstacle_grid,weight_noise,0.05,8,peikonal,64.0,8,9.767713275756801e-05,0.021753051087744755,0.9787100698504528,1061
obstacle_grid,weight_noise,0.05,8,peikonal,128.0,8,4.864358446872231e-05,0.021753051087744755,0.9787100698504528,1061
obstacle_grid,weight_noise,0.05,9,dijkstra,,8,0.023819005872098748,0.04311759501860877,0.9586646843802501,1061
obstacle_grid,weight_noise,0.05,9,peikonal,1.0,8,0.002568404760130096,0.0,1.0,1061
obstacle_grid,weight_noise,0.05,9,peikonal,2.0,8,0.0018230549167022512,0.022152252794046038,0.9783278344948191,1061
obstacle_grid,weight_noise,0.05,9,peikonal,4.0,8,0.0015204806035906881,0.0,1.0,1061
obstacle_grid,weight_noise,0.05,9,peikonal,8.0,8,0.0011521643849933439,0.021753051087744755,0.9787100698504528,1061
obstacle_grid,weight_noise,0.05,9,peikonal,16.0,8,0.0005803892979661217,0.021753051087744755,0.9787100698504528,1061
obstacle_grid,weight_noise,0.05,9,peikonal,32.0,8,0.0002906348099618962,0.021753051087744755,0.9787100698504528,1061
obstacle_grid,weight_noise,0.05,9,peikonal,64.0,8,0.00014378411577550034,0.021753051087744755,0.9787100698504528,1061
obstacle_grid,weight_noise,0.05,9,peikonal,128.0,8,7.147699011335146e-05,0.021753051087744755,0.9787100698504528,1061
obstacle_grid,weight_noise,0.1,0,dijkstra,,8,0.033357496271658876,0.06467639252791316,0.939252534402168,1061
obstacle_grid,weight_noise,0.1,0,peikonal,1.0,8,0.00683195981840041,0.021591879216969208,0.9788644764546103,1061
obstacle_grid,weight_noise,0.1,0,peikonal,2.0,8,0.0029690016426018864,0.022152252794046038,0.9783278344948191,1061
obstacle_grid,weight_noise,0.1,0,peikonal,4.0,8,0.00258652403444785,0.021753051087744755,0.9787100698504528,1061
obstacle_grid,weight_noise,0.1,0,peikonal,8.0,8,0.0016525443046246902,0.021753051087744755,0.9787100698504528,1061
obstacle_grid,weight_noise,0.1,0,peikonal,16.0,8,0.0008449794311811956,0.021753051087744755,0.9787100698504528,1061
obstacle_grid,weight_noise,0.1,0,peikonal,32.0,8,0.0004306068783895394,0.021753051087744755,0.9787100698504528,1061
obstacle_grid,weight_noise,0.1,0,peikonal,64.0,8,0.00021371982106913647,0.021753051087744755,0.9787100698504528,1061
obstacle_grid,weight_noise,0.1,0,peikonal,128.0,8,0.00010643662514463354,0.021753051087744755,0.9787100698504528,1061
obstacle_grid,weight_noise,0.1,1,dijkstra,,8,0.04176028007901882,0.04311759501860877,0.9586646843802501,1061
obstacle_grid,weight_noise,0.1,1,peikonal,1.0,8,0.00527734397479712,0.021591879216969208,0.9788644764546103,1061
obstacle_grid,weight_noise,0.1,1,peikonal,2.0,8,0.0032696348310774373,0.022152252794046038,0.9783278344948191,1061
obstacle_grid,weight_noise,0.1,1,peikonal,4.0,8,0.00216376044690593,0.021753051087744755,0.9787100698504528,1061
obstacle_grid,weight_noise,0.1,1,peikonal,8.0,8,0.0013253208468300376,0.021753051087744755,0.9787100698504528,1061
obstacle_grid,weight_noise,0.1,1,peikonal,16.0,8,0.0006668834130681211,0.021753051087744755,0.9787100698504528,1061
obstacle_grid,weight_noise,0.1,1,peikonal,32.0,8,0.0003345596735163302,0.021753051087744755,0.9787100698504528,1061
obstacle_grid,weight_noise,0.1,1,peikonal,64.0,8,0.0001659088000268972,0.021753051087744755,0.9787100698504528,1061
obstacle_grid,weight_noise,0.1,1,peikonal,128.0,8,8.260157131475498e-05,0.021753051087744755,0.9787100698504528,1061
obstacle_grid,weight_noise,0.1,2,dijkstra,,8,0.03328803353203938,0.021558797509304384,0.9788961755682908,1061
obstacle_grid,weight_noise,0.1,2,peikonal,1.0,8,0.004618450971114826,0.021591879216969208,0.9788644764546103,1061
obstacle_grid,weight_noise,0.1,2,peikonal,2.0,8,0.0032069924654751086,0.022152252794046038,0.9783278344948191,1061
obstacle_grid,weight_noise,0.1,2,peikonal,4.0,8,0.0025471815613455745,0.021753051087744755,0.9787100698504528,1061
obstacle_grid,weight_noise,0.1,2,peikonal,8.0,8,0.001669581100737716,0.021753051087744755,0.9787100698504528,1061
obstacle_grid,weight_noise,0.1,2,peikonal,16.0,8,0.000826420176376451,0.021753051087744755,0.9787100698504528,1061
obstacle_grid,weight_noise,0.1,2,peikonal,32.0,8,0.00040452293645999054,0.021753051087744755,0.9787100698504528,1061
obstacle_grid,weight_noise,0.1,2,peikonal,64.0,8,0.00020040582981887831,0.021753051087744755,0.9787100698504528,1061
obstacle_grid,weight_noise,0.1,2,peikonal,128.0,8,9.972943358944536e-05,0.021753051087744755,0.9787100698504528,1061
obstacle_grid,weight_noise,0.1,3,dijkstra,,8,0.04691356642869557,0.06467639252791316,0.939252534402168,1061
obstacle_grid,weight_noise,0.1,3,peikonal,1.0,8,0.005301429856318974,0.021591879216969208,0.9788644764546103,1061
obstacle_grid,weight_noise,0.1,3,peikonal,2.0,8,0.003477235905797193,0.022152252794046038,0.9783278344948191,1061
obstacle_grid,weight_noise,0.1,3,peikonal,4.0,8,0.0022787707451422208,0.030763459871283517,0.9701546852707359,1061
obstacle_grid,weight_noise,0.1,3,peikonal,8.0,8,0.0013347540469344765,0.021753051087744755,0.9787100698504528,1061
obstacle_grid,weight_noise,0.1,3,peikonal,16.0,8,0.0006719173328066217,0.021753051087744755,0.9787100698504528,1061
obstacle_grid,weight_noise,0.1,3,peikonal,32.0,8,0.00033670205415385737,0.021753051087744755,0.9787100698504528,1061
obstacle_grid,weight_noise,0.1,3,peikonal,64.0,8,0.00016737801519268588,0.021753051087744755,0.9787100698504528,1061
obstacle_grid,weight_noise,0.1,3,peikonal,128.0,8,8.33986611187437e-05,0.021753051087744755,0.9787100698504528,1061
obstacle_grid,weight_noise,0.1,4,dijkstra,,8,0.0507658574410098,0.06097748765222712,0.942527067386547,1061
obstacle_grid,weight_noise,0.1,4,peikonal,1.0,8,0.006854152248665509,0.03053552842575961,0.9703692618221466,1061
obstacle_grid,weight_noise,0.1,4,peikonal,2.0,8,0.004712138818227172,0.022152252794046038,0.9783278344948191,1061
obstacle_grid,weight_noise,0.1,4,peikonal,4.0,8,0.0031760718570424742,0.030763459871283438,0.9701546852707361,1061
obstacle_grid,weight_noise,0.1,4,peikonal,8.0,8,0.0019518437406429638,0.030763459871283438,0.9701546852707361,1061
obstacle_grid,weight_noise,0.1,4,peikonal,16.0,8,0.0009598741788711016,0.030763459871283438,0.9701546852707361,1061
obstacle_grid,weight_noise,0.1,4,peikonal,32.0,8,0.00047547836962250105,0.030763459871283438,0.9701546852707361,1061
obstacle_grid,weight_noise,0.1,4,peikonal,64.0,8,0.00023631427389109042,0.030763459871283438,0.9701546852707361,1061
obstacle_grid,weight_noise,0.1,4,peikonal,128.0,8,0.00011779938549386003,0.030763459871283438,0.9701546852707361,1061
obstacle_grid,weight_noise,0.1,5,dijkstra,,8,0.036873491169985236,0.04311759501860877,0.9586646843802501,1061
obstacle_grid,weight_noise,0.1,5,peikonal,1.0,8,0.006881424777853308,0.03053552842575961,0.9703692618221466,1061
obstacle_grid,weight_noise,0.1,5,peikonal,2.0,8,0.004680787175553637,0.022152252794046038,0.9783278344948191,1061
obstacle_grid,weight_noise,0.1,5,peikonal,4.0,8,0.0023225922171684274,0.030763459871283438,0.9701546852707361,1061
obstacle_grid,weight_noise,0.1,5,peikonal,8.0,8,0.0015783015612688015,0.030763459871283438,0.9701546852707361,1061
obstacle_grid,weight_noise,0.1,5,peikonal,16.0,8,0.0008127806456530999,0.030763459871283438,0.9701546852707361,1061
obstacle_grid,weight_noise,0.1,5,peikonal,32.0,8,0.00041474154338445884,0.030763459871283438,0.9701546852707361,1061
obstacle_grid,weight_noise,0.1,5,peikonal,64.0,8,0.00020623847769979465,0.030763459871283438,0.9701546852707361,1061
obstacle_grid,weight_noise,0.1,5,peikonal,128.0,8,0.00010278098415610047,0.030763459871283438,0.9701546852707361,1061
obstacle_grid,weight_noise,0.1,6,dijkstra,,8,0.0382532454412852,0.04311759501860877,0.9586646843802501,1061
obstacle_grid,weight_noise,0.1,6,peikonal,1.0,8,0.004538286170542749,0.03053552842575961,0.9703692618221466,1061
obstacle_grid,weight_noise,0.1,6,peikonal,2.0,8,0.00414836163514772,0.022152252794046038,0.9783278344948191,1061
obstacle_grid,weight_noise,0.1,6,peikonal,4.0,8,0.003195714363516922,0.021753051087744755,0.9787100698504528,1061
obstacle_grid,weight_noise,0.1,6,peikonal,8.0,8,0.0017965405014149915,0.021753051087744755,0.9787100698504528,1061
obstacle_grid,weight_noise,0.1,6,peikonal,16.0,8,0.0008626690480256306,0.021753051087744755,0.9787100698504528,1061
obstacle_grid,weight_noise,0.1,6,peikonal,32.0,8,0.0004164019912067256,0.021753051087744755,0.9787100698504528,1061
obstacle_grid,weight_noise,0.1,6,peikonal,64.0,8,0.00020686413705364487,0.021753051087744755,0.9787100698504528,1061
obstacle_grid,weight_noise,0.1,6,peikonal,128.0,8,0.00010308622404493234,0.021753051087744755,0.9787100698504528,1061
obstacle_grid,weight_noise,0.1,7,dijkstra,,8,0.0399185045936198,0.06467639252791316,0.939252534402168,1061
obstacle_grid,weight_noise,0.1,7,peikonal,1.0,8,0.0062416278750168684,0.03053552842575961,0.9703692618221466,1061
obstacle_grid,weight_noise,0.1,7,peikonal,2.0,8,0.004625094200514516,0.022152252794046038,0.9783278344948191,1061
obstacle_grid,weight_noise,0.1,7,peikonal,4.0,8,0.0027946303205154304,0.021753051087744755,0.9787100698504528,1061
obstacle_grid,weight_noise,0.1,7,peikonal,8.0,8,0.0017084685259848708,0.021753051087744755,0.9787100698504528,1061
obstacle_grid,weight_noise,0.1,7,peikonal,16.0,8,0.000864489510184592,0.021753051087744755,0.9787100698504528,1061
obstacle_grid,weight_noise,0.1,7,peikonal,32.0,8,0.0004386318886626673,0.021753051087744755,0.9787100698504528,1061
obstacle_grid,weight_noise,0.1,7,peikonal,64.0,8,0.00021791493969443215,0.021753051087744755,0.9787100698504528,1061
obstacle_grid,weight_noise,0.1,7,peikonal,128.0,8,0.00010850798070013011,0.021753051087744755,0.9787100698504528,1061
obstacle_grid,weight_noise,0.1,8,dijkstra,,8,0.03538336573422874,0.04311759501860877,0.9586646843802501,1061
obstacle_grid,weight_noise,0.1,8,peikonal,1.0,8,0.00525497914918316,0.03053552842575961,0.9703692618221466,1061
obstacle_grid,weight_noise,0.1,8,peikonal,2.0,8,0.003915016785697625,0.022152252794046038,0.9783278344948191,1061
obstacle_grid,weight_noise,0.1,8,peikonal,4.0,8,0.0027584478217921476,0.021753051087744755,0.9787100698504528,1061
obstacle_grid,weight_noise,0.1,8,peikonal,8.0,8,0.0017110744572621716,0.021753051087744755,0.9787100698504528,1061
obstacle_grid,weight_noise,0.1,8,peikonal,16.0,8,0.0008513855560124198,0.021753051087744755,0.9787100698504528,1061
obstacle_grid,weight_noise,0.1,8,peikonal,32.0,8,0.000422929930875376,0.021753051087744755,0.9787100698504528,1061
obstacle_grid,weight_noise,0.1,8,peikonal,64.0,8,0.0002094986477065381,0.021753051087744755,0.9787100698504528,1061
obstacle_grid,weight_noise,0.1,8,peikonal,128.0,8,0.00010424488939748554,0.021753051087744755,0.9787100698504528,1061
obstacle_grid,weight_noise,0.1,9,dijkstra,,8,0.057320864757995325,0.04311759501860877,0.9586646843802501,1061
obstacle_grid,weight_noise,0.1,9,peikonal,1.0,8,0.005477345684084117,0.03053552842575961,0.9703692618221466,1061
obstacle_grid,weight_noise,0.1,9,peikonal,2.0,8,0.0037939708036326828,0.022152252794046038,0.9783278344948191,1061
obstacle_grid,weight_noise,0.1,9,peikonal,4.0,8,0.0031591049526438998,0.021753051087744755,0.9787100698504528,1061
obstacle_grid,weight_noise,0.1,9,peikonal,8.0,8,0.002482025082345913,0.021753051087744755,0.9787100698504528,1061
obstacle_grid,weight_noise,0.1,9,peikonal,16.0,8,0.0012547507874734317,0.021753051087744755,0.9787100698504528,1061
obstacle_grid,weight_noise,0.1,9,peikonal,32.0,8,0.000627272916305256,0.021753051087744755,0.9787100698504528,1061
obstacle_grid,weight_noise,0.1,9,peikonal,64.0,8,0.0003099916358917535,0.021753051087744755,0.9787100698504528,1061
obstacle_grid,weight_noise,0.1,9,peikonal,128.0,8,0.00015400894253431944,0.021753051087744755,0.9787100698504528,1061
obstacle_grid,weight_noise,0.2,0,dijkstra,,8,0.10440708701652777,0.08623519003721765,0.920610940588048,1061
obstacle_grid,weight_noise,0.2,0,peikonal,1.0,8,0.014166242352443919,0.03053552842575961,0.9703692618221466,1061
obstacle_grid,weight_noise,0.2,0,peikonal,2.0,8,0.00613508157703345,0.022152252794046038,0.9783278344948191,1061
obstacle_grid,weight_noise,0.2,0,peikonal,4.0,8,0.005037853144732073,0.021753051087744755,0.9787100698504528,1061
obstacle_grid,weight_noise,0.2,0,peikonal,8.0,8,0.003279148741029714,0.021753051087744755,0.9787100698504528,1061
obstacle_grid,weight_noise,0.2,0,peikonal,16.0,8,0.001675781159478239,0.021753051087744755,0.9787100698504528,1061
obstacle_grid,weight_noise,0.2,0,peikonal,32.0,8,0.0008519434167079241,0.021753051087744755,0.9787100698504528,1061
obstacle_grid,weight_noise,0.2,0,peikonal,64.0,8,0.0004220807559307879,0.021753051087744755,0.9787100698504528,1061
obstacle_grid,weight_noise,0.2,0,peikonal,128.0,8,0.00021001070452742463,0.021753051087744755,0.9787100698504528,1061
obstacle_grid,weight_noise,0.2,1,dijkstra,,8,0.12188880214551535,0.04820693674395776,0.954010095665172,1061
obstacle_grid,weight_noise,0.2,1,peikonal,1.0,8,0.011932066668187058,0.043183758433938464,0.9586038815455031,1061
obstacle_grid,weight_noise,0.2,1,peikonal,2.0,8,0.007080023371434768,0.04430450558809213,0.9575751082648615,1061
obstacle_grid,weight_noise,0.2,1,peikonal,4.0,8,0.00461771757157126,0.043506102175489565,0.9583077644828443,1061
obstacle_grid,weight_noise,0.2,1,peikonal,8.0,8,0.0029218029748828487,0.043506102175489565,0.9583077644828443,1061
obstacle_grid,weight_noise,0.2,1,peikonal,16.0,8,0.0014699322840933007,0.043506102175489565,0.9583077644828443,1061
obstacle_grid,weight_noise,0.2,1,peikonal,32.0,8,0.0007357817476869325,0.043506102175489565,0.9583077644828443,1061
obstacle_grid,weight_noise,0.2,1,peikonal,64.0,8,0.0003636864268093972,0.043506102175489565,0.9583077644828443,1061
obstacle_grid,weight_noise,0.2,1,peikonal,128.0,8,0.00018074871103768194,0.043506102175489565,0.9583077644828443,1061
obstacle_grid,weight_noise,0.2,2,dijkstra,,8,0.09546795134013739,0.04311759501860877,0.9586646843802501,1061
obstacle_grid,weight_noise,0.2,2,peikonal,1.0,8,0.009030956863293397,0.021591879216969208,0.9788644764546103,1061
obstacle_grid,weight_noise,0.2,2,peikonal,2.0,8,0.006554223238049212,0.022152252794046038,0.9783278344948191,1061
obstacle_grid,weight_noise,0.2,2,peikonal,4.0,8,0.005064713258381688,0.030763459871283438,0.9701546852707361,1061
obstacle_grid,weight_noise,0.2,2,peikonal,8.0,8,0.0035463581749149106,0.030763459871283438,0.9701546852707361,1061
obstacle_grid,weight_noise,0.2,2,peikonal,16.0,8,0.0017715266826021482,0.030763459871283438,0.9701546852707361,1061
obstacle_grid,weight_noise,0.2,2,peikonal,32.0,8,0.0008686007462502298,0.030763459871283438,0.9701546852707361,1061
obstacle_grid,weight_noise,0.2,2,peikonal,64.0,8,0.000429332051125063,0.030763459871283438,0.9701546852707361,1061
obstacle_grid,weight_noise,0.2,2,peikonal,128.0,8,0.00021336376438298946,0.030763459871283438,0.9701546852707361,1061
obstacle_grid,weight_noise,0.2,3,dijkstra,,8,0.12186043288119383,0.06467639252791316,0.939252534402168,1061
obstacle_grid,weight_noise,0.2,3,peikonal,1.0,8,0.012411628838641114,0.04318375843393852,0.9586038815455031,1061
obstacle_grid,weight_noise,0.2,3,peikonal,2.0,8,0.007690097026808207,0.022152252794046038,0.9783278344948191,1061
obstacle_grid,weight_noise,0.2,3,peikonal,4.0,8,0.00514173782913725,0.030763459871283517,0.9701546852707359,1061
obstacle_grid,weight_noise,0.2,3,peikonal,8.0,8,0.002865082876365062,0.030763459871283517,0.9701546852707359,1061
obstacle_grid,weight_noise,0.2,3,peikonal,16.0,8,0.0014204924194303322,0.030763459871283517,0.9701546852707359,1061
obstacle_grid,weight_noise,0.2,3,peikonal,32.0,8,0.000704471356455834,0.030763459871283517,0.9701546852707359,1061
obstacle_grid,weight_noise,0.2,3,peikonal,64.0,8,0.0003493973412845971,0.030763459871283517,0.9701546852707359,1061
obstacle_grid,weight_noise,0.2,3,peikonal,128.0,8,0.00017392983090819435,0.030763459871283517,0.9701546852707359,1061
obstacle_grid,weight_noise,0.2,4,dijkstra,,8,0.12052404076860217,0.06467639252791316,0.939252534402168,1061
obstacle_grid,weight_noise,0.2,4,peikonal,1.0,8,0.014472825173924448,0.043183758433938416,0.9586038815455031,1061
obstacle_grid,weight_noise,0.2,4,peikonal,2.0,8,0.010348179213936127,0.03132801633845719,0.9696236155305062,1061
obstacle_grid,weight_noise,0.2,4,peikonal,4.0,8,0.0068536578712673855,0.030763459871283438,0.9701546852707361,1061
obstacle_grid,weight_noise,0.2,4,peikonal,8.0,8,0.004279264882653983,0.030763459871283438,0.9701546852707361,1061
obstacle_grid,weight_noise,0.2,4,peikonal,16.0,8,0.0021018364579571194,0.030763459871283438,0.9701546852707361,1061
obstacle_grid,weight_noise,0.2,4,peikonal,32.0,8,0.0010344612056530536,0.030763459871283438,0.9701546852707361,1061
obstacle_grid,weight_noise,0.2,4,peikonal,64.0,8,0.0005129066766429714,0.030763459871283438,0.9701546852707361,1061
obstacle_grid,weight_noise,0.2,4,peikonal,128.0,8,0.0002553514886454837,0.030763459871283438,0.9701546852707361,1061
obstacle_grid,weight_noise,0.2,5,dijkstra,,8,0.11285300430753956,0.04311759501860877,0.9586646843802501,1061
obstacle_grid,weight_noise,0.2,5,peikonal,1.0,8,0.011868817838361278,0.03053552842575961,0.9703692618221466,1061
obstacle_grid,weight_noise,0.2,5,peikonal,2.0,8,0.008624557926492941,0.03132801633845719,0.9696236155305062,1061
obstacle_grid,weight_noise,0.2,5,peikonal,4.0,8,0.004521822457802968,0.030763459871283438,0.9701546852707361,1061
obstacle_grid,weight_noise,0.2,5,peikonal,8.0,8,0.0033273367687108677,0.030763459871283438,0.9701546852707361,1061
obstacle_grid,weight_noise,0.2,5,peikonal,16.0,8,0.0017208328510752234,0.030763459871283438,0.9701546852707361,1061
obstacle_grid,weight_noise,0.2,5,peikonal,32.0,8,0.0008726506144015173,0.030763459871283438,0.9701546852707361,1061
obstacle_grid,weight_noise,0.2,5,peikonal,64.0,8,0.00043248559063152457,0.030763459871283438,0.9701546852707361,1061
obstacle_grid,weight_noise,0.2,5,peikonal,128.0,8,0.00021519262923547949,0.030763459871283438,0.9701546852707361,1061
obstacle_grid,weight_noise,0.2,6,dijkstra,,8,0.09858051780360043,0.04311759501860888,0.9586646843802499,1061
obstacle_grid,weight_noise,0.2,6,peikonal,1.0,8,0.008967855565730844,0.03053552842575961,0.9703692618221466,1061
obstacle_grid,weight_noise,0.2,6,peikonal,2.0,8,0.00781969135524003,0.022152252794046038,0.9783278344948191,1061
obstacle_grid,weight_noise,0.2,6,peikonal,4.0,8,0.006053191574112465,0.021753051087744755,0.9787100698504528,1061
obstacle_grid,weight_noise,0.2,6,peikonal,8.0,8,0.003397307841708402,0.021753051087744755,0.9787100698504528,1061
obstacle_grid,weight_noise,0.2,6,peikonal,16.0,8,0.0016493174971792361,0.021753051087744755,0.9787100698504528,1061
obstacle_grid,weight_noise,0.2,6,peikonal,32.0,8,0.0008003578831797413,0.021753051087744755,0.9787100698504528,1061
obstacle_grid,weight_noise,0.2,6,peikonal,64.0,8,0.0003977284577685288,0.021753051087744755,0.9787100698504528,1061
obstacle_grid,weight_noise,0.2,6,peikonal,128.0,8,0.00019817985710085902,0.021753051087744755,0.9787100698504528,1061
obstacle_grid,weight_noise,0.2,7,dijkstra,,8,0.11372239037890441,0.06467639252791316,0.939252534402168,1061
obstacle_grid,weight_noise,0.2,7,peikonal,1.0,8,0.014603422072947861,0.03053552842575961,0.9703692618221466,1061
obstacle_grid,weight_noise,0.2,7,peikonal,2.0,8,0.010599565754696623,0.03132801633845719,0.9696236155305062,1061
obstacle_grid,weight_noise,0.2,7,peikonal,4.0,8,0.006277868496215127,0.030763459871283438,0.9701546852707361,1061
obstacle_grid,weight_noise,0.2,7,peikonal,8.0,8,0.0035284279362816596,0.030763459871283438,0.9701546852707361,1061
obstacle_grid,weight_noise,0.2,7,peikonal,16.0,8,0.0017485698226698942,0.030763459871283438,0.9701546852707361,1061
obstacle_grid,weight_noise,0.2,7,peikonal,32.0,8,0.000868640184125949,0.030763459871283438,0.9701546852707361,1061
obstacle_grid,weight_noise,0.2,7,peikonal,64.0,8,0.0004314486040433065,0.030763459871283438,0.9701546852707361,1061
obstacle_grid,weight_noise,0.2,7,peikonal,128.0,8,0.00021488596747093578,0.030763459871283438,0.9701546852707361,1061
obstacle_grid,weight_noise,0.2,8,dijkstra,,8,0.09244614271121443,0.04311759501860877,0.9586646843802501,1061
obstacle_grid,weight_noise,0.2,8,peikonal,1.0,8,0.012546715435116977,0.03053552842575969,0.9703692618221463,1061
obstacle_grid,weight_noise,0.2,8,peikonal,2.0,8,0.00876874418519561,0.044304505588092076,0.9575751082648615,1061
obstacle_grid,weight_noise,0.2,8,peikonal,4.0,8,0.006318625782895452,0.030763459871283438,0.9701546852707361,1061
obstacle_grid,weight_noise,0.2,8,peikonal,8.0,8,0.0040381331634749855,0.030763459871283438,0.9701546852707361,1061
obstacle_grid,weight_noise,0.2,8,peikonal,16.0,8,0.002023205570125559,0.030763459871283438,0.9701546852707361,1061
obstacle_grid,weight_noise,0.2,8,peikonal,32.0,8,0.0010054602957481555,0.030763459871283438,0.9701546852707361,1061
obstacle_grid,weight_noise,0.2,8,peikonal,64.0,8,0.0004963249656766992,0.030763459871283438,0.9701546852707361,1061
obstacle_grid,weight_noise,0.2,8,peikonal,128.0,8,0.00024650652863517216,0.030763459871283438,0.9701546852707361,1061
obstacle_grid,weight_noise,0.2,9,dijkstra,,8,0.1406979076700423,0.04311759501860877,0.9586646843802501,1061
obstacle_grid,weight_noise,0.2,9,peikonal,1.0,8,0.012686319486092603,0.03053552842575961,0.9703692618221466,1061
obstacle_grid,weight_noise,0.2,9,peikonal,2.0,8,0.008278338718245442,0.022152252794046038,0.9783278344948191,1061
obstacle_grid,weight_noise,0.2,9,peikonal,4.0,8,0.0068212678072712375,0.021753051087744755,0.9787100698504528,1061
obstacle_grid,weight_noise,0.2,9,peikonal,8.0,8,0.0057087513588668475,0.021753051087744755,0.9787100698504528,1061
obstacle_grid,weight_noise,0.2,9,peikonal,16.0,8,0.0029630611939098117,0.021753051087744755,0.9787100698504528,1061
obstacle_grid,weight_noise,0.2,9,peikonal,32.0,8,0.001475691570785346,0.021753051087744755,0.9787100698504528,1061
obstacle_grid,weight_noise,0.2,9,peikonal,64.0,8,0.0007278790528017032,0.021753051087744755,0.9787100698504528,1061
obstacle_grid,weight_noise,0.2,9,peikonal,128.0,8,0.0003612156882099992,0.021753051087744755,0.9787100698504528,1061
two_moons,weight_noise,0.0,0,dijkstra,,8,0.0,0.0,1.0,735
two_moons,weight_noise,0.0,0,peikonal,1.0,8,0.0,0.0,1.0,735
two_moons,weight_noise,0.0,0,peikonal,2.0,8,0.0,0.0,1.0,735
two_moons,weight_noise,0.0,0,peikonal,4.0,8,0.0,0.0,1.0,735
two_moons,weight_noise,0.0,0,peikonal,8.0,8,0.0,0.0,1.0,735
two_moons,weight_noise,0.0,0,peikonal,16.0,8,0.0,0.0,1.0,735
two_moons,weight_noise,0.0,0,peikonal,32.0,8,0.0,0.0,1.0,735
two_moons,weight_noise,0.0,0,peikonal,64.0,8,0.0,0.0,1.0,735
two_moons,weight_noise,0.0,0,peikonal,128.0,8,0.0,0.0,1.0,735
two_moons,weight_noise,0.0,1,dijkstra,,8,0.0,0.0,1.0,735
two_moons,weight_noise,0.0,1,peikonal,1.0,8,0.0,0.0,1.0,735
two_moons,weight_noise,0.0,1,peikonal,2.0,8,0.0,0.0,1.0,735
two_moons,weight_noise,0.0,1,peikonal,4.0,8,0.0,0.0,1.0,735
two_moons,weight_noise,0.0,1,peikonal,8.0,8,0.0,0.0,1.0,735
two_moons,weight_noise,0.0,1,peikonal,16.0,8,0.0,0.0,1.0,735
two_moons,weight_noise,0.0,1,peikonal,32.0,8,0.0,0.0,1.0,735
two_moons,weight_noise,0.0,1,peikonal,64.0,8,0.0,0.0,1.0,735
two_moons,weight_noise,0.0,1,peikonal,128.0,8,0.0,0.0,1.0,735
two_moons,weight_noise,0.0,2,dijkstra,,8,0.0,0.0,1.0,735
two_moons,weight_noise,0.0,2,peikonal,1.0,8,0.0,0.0,1.0,735
two_moons,weight_noise,0.0,2,peikonal,2.0,8,0.0,0.0,1.0,735
two_moons,weight_noise,0.0,2,peikonal,4.0,8,0.0,0.0,1.0,735
two_moons,weight_noise,0.0,2,peikonal,8.0,8,0.0,0.0,1.0,735
two_moons,weight_noise,0.0,2,peikonal,16.0,8,0.0,0.0,1.0,735
two_moons,weight_noise,0.0,2,peikonal,32.0,8,0.0,0.0,1.0,735
two_moons,weight_noise,0.0,2,peikonal,64.0,8,0.0,0.0,1.0,735
two_moons,weight_noise,0.0,2,peikonal,128.0,8,0.0,0.0,1.0,735
two_moons,weight_noise,0.0,3,dijkstra,,8,0.0,0.0,1.0,735
two_moons,weight_noise,0.0,3,peikonal,1.0,8,0.0,0.0,1.0,735
two_moons,weight_noise,0.0,3,peikonal,2.0,8,0.0,0.0,1.0,735
two_moons,weight_noise,0.0,3,peikonal,4.0,8,0.0,0.0,1.0,735
two_moons,weight_noise,0.0,3,peikonal,8.0,8,0.0,0.0,1.0,735
two_moons,weight_noise,0.0,3,peikonal,16.0,8,0.0,0.0,1.0,735
two_moons,weight_noise,0.0,3,peikonal,32.0,8,0.0,0.0,1.0,735
two_moons,weight_noise,0.0,3,peikonal,64.0,8,0.0,0.0,1.0,735
two_moons,weight_noise,0.0,3,peikonal,128.0,8,0.0,0.0,1.0,735
two_moons,weight_noise,0.0,4,dijkstra,,8,0.0,0.0,1.0,735
two_moons,weight_noise,0.0,4,peikonal,1.0,8,0.0,0.0,1.0,735
two_moons,weight_noise,0.0,4,peikonal,2.0,8,0.0,0.0,1.0,735
two_moons,weight_noise,0.0,4,peikonal,4.0,8,0.0,0.0,1.0,735
two_moons,weight_noise,0.0,4,peikonal,8.0,8,0.0,0.0,1.0,735
two_moons,weight_noise,0.0,4,peikonal,16.0,8,0.0,0.0,1.0,735
two_moons,weight_noise,0.0,4,peikonal,32.0,8,0.0,0.0,1.0,735
two_moons,weight_noise,0.0,4,peikonal,64.0,8,0.0,0.0,1.0,735
two_moons,weight_noise,0.0,4,peikonal,128.0,8,0.0,0.0,1.0,735
two_moons,weight_noise,0.0,5,dijkstra,,8,0.0,0.0,1.0,735
two_moons,weight_noise,0.0,5,peikonal,1.0,8,0.0,0.0,1.0,735
two_moons,weight_noise,0.0,5,peikonal,2.0,8,0.0,0.0,1.0,735
two_moons,weight_noise,0.0,5,peikonal,4.0,8,0.0,0.0,1.0,735
two_moons,weight_noise,0.0,5,peikonal,8.0,8,0.0,0.0,1.0,735
two_moons,weight_noise,0.0,5,peikonal,16.0,8,0.0,0.0,1.0,735
two_moons,weight_noise,0.0,5,peikonal,32.0,8,0.0,0.0,1.0,735
two_moons,weight_noise,0.0,5,peikonal,64.0,8,0.0,0.0,1.0,735
two_moons,weight_noise,0.0,5,peikonal,128.0,8,0.0,0.0,1.0,735
two_moons,weight_noise,0.0,6,dijkstra,,8,0.0,0.0,1.0,735
two_moons,weight_noise,0.0,6,peikonal,1.0,8,0.0,0.0,1.0,735
two_moons,weight_noise,0.0,6,peikonal,2.0,8,0.0,0.0,1.0,735
two_moons,weight_noise,0.0,6,peikonal,4.0,8,0.0,0.0,1.0,735
two_moons,weight_noise,0.0,6,peikonal,8.0,8,0.0,0.0,1.0,735
two_moons,weight_noise,0.0,6,peikonal,16.0,8,0.0,0.0,1.0,735
two_moons,weight_noise,0.0,6,peikonal,32.0,8,0.0,0.0,1.0,735
two_moons,weight_noise,0.0,6,peikonal,64.0,8,0.0,0.0,1.0,735
two_moons,weight_noise,0.0,6,peikonal,128.0,8,0.0,0.0,1.0,735
two_moons,weight_noise,0.0,7,dijkstra,,8,0.0,0.0,1.0,735
two_moons,weight_noise,0.0,7,peikonal,1.0,8,0.0,0.0,1.0,735
two_moons,weight_noise,0.0,7,peikonal,2.0,8,0.0,0.0,1.0,735
two_moons,weight_noise,0.0,7,peikonal,4.0,8,0.0,0.0,1.0,735
two_moons,weight_noise,0.0,7,peikonal,8.0,8,0.0,0.0,1.0,735
two_moons,weight_noise,0.0,7,peikonal,16.0,8,0.0,0.0,1.0,735
two_moons,weight_noise,0.0,7,peikonal,32.0,8,0.0,0.0,1.0,735
two_moons,weight_noise,0.0,7,peikonal,64.0,8,0.0,0.0,1.0,735
two_moons,weight_noise,0.0,7,peikonal,128.0,8,0.0,0.0,1.0,735
two_moons,weight_noise,0.0,8,dijkstra,,8,0.0,0.0,1.0,735
two_moons,weight_noise,0.0,8,peikonal,1.0,8,0.0,0.0,1.0,735
two_moons,weight_noise,0.0,8,peikonal,2.0,8,0.0,0.0,1.0,735
two_moons,weight_noise,0.0,8,peikonal,4.0,8,0.0,0.0,1.0,735
two_moons,weight_noise,0.0,8,peikonal,8.0,8,0.0,0.0,1.0,735
two_moons,weight_noise,0.0,8,peikonal,16.0,8,0.0,0.0,1.0,735
two_moons,weight_noise,0.0,8,peikonal,32.0,8,0.0,0.0,1.0,735
two_moons,weight_noise,0.0,8,peikonal,64.0,8,0.0,0.0,1.0,735
two_moons,weight_noise,0.0,8,peikonal,128.0,8,0.0,0.0,1.0,735
two_moons,weight_noise,0.0,9,dijkstra,,8,0.0,0.0,1.0,735
two_moons,weight_noise,0.0,9,peikonal,1.0,8,0.0,0.0,1.0,735
two_moons,weight_noise,0.0,9,peikonal,2.0,8,0.0,0.0,1.0,735
two_moons,weight_noise,0.0,9,peikonal,4.0,8,0.0,0.0,1.0,735
two_moons,weight_noise,0.0,9,peikonal,8.0,8,0.0,0.0,1.0,735
two_moons,weight_noise,0.0,9,peikonal,16.0,8,0.0,0.0,1.0,735
two_moons,weight_noise,0.0,9,peikonal,32.0,8,0.0,0.0,1.0,735
two_moons,weight_noise,0.0,9,peikonal,64.0,8,0.0,0.0,1.0,735
two_moons,weight_noise,0.0,9,peikonal,128.0,8,0.0,0.0,1.0,735
two_moons,weight_noise,0.05,0,dijkstra,,8,0.027640475356319725,0.06631783674806549,0.9378066890915807,735
two_moons,weight_noise,0.05,0,peikonal,1.0,8,0.002918526981078059,0.01649955783491158,0.9837682587191137,735
two_moons,weight_noise,0.05,0,peikonal,2.0,8,0.002103372657316171,0.06486320275420843,0.9390877602057772,735
two_moons,weight_noise,0.05,0,peikonal,4.0,8,0.0012918302146230883,0.008246113409151556,0.9918213288407636,735
two_moons,weight_noise,0.05,0,peikonal,8.0,8,0.0005905062516161523,0.008292087428244208,0.9917761058212864,735
two_moons,weight_noise,0.05,0,peikonal,16.0,8,0.00028911947402571333,0.011714493423029356,0.9884211469745832,735
two_moons,weight_noise,0.05,0,peikonal,32.0,8,0.0001430492702083719,0.014714066692903338,0.9854992976091693,735
two_moons,weight_noise,0.05,0,peikonal,64.0,8,7.114929078787245e-05,0.011788697107924292,0.988348657045072,735
two_moons,weight_noise,0.05,0,peikonal,128.0,8,3.548112778811853e-05,0.011708319854705752,0.9884271784417201,735
two_moons,weight_noise,0.05,1,dijkstra,,8,0.023970791670814822,0.057234070386551206,0.945864334124585,735
two_moons,weight_noise,0.05,1,peikonal,1.0,8,0.0023063687433523003,0.00983274598872626,0.9902629955031821,735
two_moons,weight_noise,0.05,1,peikonal,2.0,8,0.0015872131144241948,0.06486320275420843,0.9390877602057772,735
two_moons,weight_noise,0.05,1,peikonal,4.0,8,0.0009562298923512209,0.04416758101740163,0.9577006777261116,735
two_moons,weight_noise,0.05,1,peikonal,8.0,8,0.0004848107093226171,0.04441382565559891,0.9574748777116969,735
two_moons,weight_noise,0.05,1,peikonal,16.0,8,0.00023948218447460325,0.044504073661938065,0.9573921492657174,735
two_moons,weight_noise,0.05,1,peikonal,32.0,8,0.00011901640642887779,0.04429946434582255,0.957579730854719,735
two_moons,weight_noise,0.05,1,peikonal,64.0,8,5.932857464095107e-05,0.044785977978181,0.9571338255660278,735
two_moons,weight_noise,0.05,1,peikonal,128.0,8,2.9619575539490244e-05,0.04448061990004593,0.9574136474602059,735
two_moons,weight_noise,0.05,2,dijkstra,,8,0.01788699771781353,0.055956746855699534,0.9470084858851265,735
two_moons,weight_noise,0.05,2,peikonal,1.0,8,0.004156378628074166,0.009747357692242418,0.9903467361236579,735
two_moons,weight_noise,0.05,2,peikonal,2.0,8,0.0011421248449520448,0.06486320275420843,0.9390877602057772,735
two_moons,weight_noise,0.05,2,peikonal,4.0,8,0.0014843732150622965,0.012038129964146308,0.988105062835357,735
two_moons,weight_noise,0.05,2,peikonal,8.0,8,0.0008552102443182019,0.012105245366197084,0.9880395389495118,735
two_moons,weight_noise,0.05,2,peikonal,16.0,8,0.00042517683094516146,0.012278102256109903,0.987870821043402,735
two_moons,weight_noise,0.05,2,peikonal,32.0,8,0.00021198817610815508,0.009882889881219735,0.9902138258007499,735
two_moons,weight_noise,0.05,2,peikonal,64.0,8,0.00010584711749279402,0.00836156848622386,0.9917077675830342,735
two_moons,weight_noise,0.05,2,peikonal,128.0,8,5.2887203378438524e-05,0.007596337431662891,0.9924609318737443,735
two_moons,weight_noise,0.05,3,dijkstra,,8,0.025148369305892364,0.06631783674806549,0.9378066890915807,735
two_moons,weight_noise,0.05,3,peikonal,1.0,8,0.007002255838917781,0.00875933947915324,0.9913167203153966,735
two_moons,weight_noise,0.05,3,peikonal,2.0,8,0.002829110253905202,0.0056450636086610205,0.9943866242544817,735
two_moons,weight_noise,0.05,3,peikonal,4.0,8,0.0015237817565323965,0.04934733671448561,0.9529733054176394,735
two_moons,weight_noise,0.05,3,peikonal,8.0,8,0.0007254138431671698,0.04962245970730857,0.9527235157285545,735
two_moons,weight_noise,0.05,3,peikonal,16.0,8,0.00035799885943983386,0.012129842982917086,0.988015526795289,735
two_moons,weight_noise,0.05,3,peikonal,32.0,8,0.0001777787840068787,0.014714066692903338,0.9854992976091693,735
two_moons,weight_noise,0.05,3,peikonal,64.0,8,8.857938695241379e-05,0.012206677636710992,0.9879405284450297,735
two_moons,weight_noise,0.05,3,peikonal,128.0,8,4.421157741045165e-05,0.012123450524301471,0.9880217669909522,735
two_moons,weight_noise,0.05,4,dijkstra,,8,0.019247377812860306,0.04851384444041852,0.9537308499094641,735
two_moons,weight_noise,0.05,4,peikonal,1.0,8,0.001407771733854412,0.009747357692242418,0.9903467361236579,735
two_moons,weight_noise,0.05,4,peikonal,2.0,8,0.0028261644405746396,0.008172699652666,0.9918935519128005,735
two_moons,weight_noise,0.05,4,peikonal,4.0,8,0.0016209209520692113,0.00808551853131986,0.9919793327225853,735
two_moons,weight_noise,0.05,4,peikonal,8.0,8,0.0007762357451551756,0.00813059719624828,0.9919349762631344,735
two_moons,weight_noise,0.05,4,peikonal,16.0,8,0.0003811193798599607,0.011714493423029356,0.9884211469745832,735
two_moons,weight_noise,0.05,4,peikonal,32.0,8,0.00018882440913431644,0.014714066692903338,0.9854992976091693,735
two_moons,weight_noise,0.05,4,peikonal,64.0,8,9.398014095404037e-05,0.011788697107924292,0.988348657045072,735
two_moons,weight_noise,0.05,4,peikonal,128.0,8,4.688228754340463e-05,0.011708319854705752,0.9884271784417201,735
two_moons,weight_noise,0.05,5,dijkstra,,8,0.017673962558464536,0.04868585292294244,0.9535744162207939,735
two_moons,weight_noise,0.05,5,peikonal,1.0,8,0.005714152182775446,0.00983274598872626,0.9902629955031821,735
two_moons,weight_noise,0.05,5,peikonal,2.0,8,0.0012051230319002535,0.06486320275420843,0.9390877602057772,735
two_moons,weight_noise,0.05,5,peikonal,4.0,8,0.0006605125342467186,0.012038129964146308,0.988105062835357,735
two_moons,weight_noise,0.05,5,peikonal,8.0,8,0.00035548861998038604,0.012105245366197084,0.9880395389495118,735
two_moons,weight_noise,0.05,5,peikonal,16.0,8,0.00017726879616812582,0.009928536738799221,0.9901690700107755,735
two_moons,weight_noise,0.05,5,peikonal,32.0,8,8.850303233427191e-05,0.009731969515661175,0.9903618288719437,735
two_moons,weight_noise,0.05,5,peikonal,64.0,8,4.422005008036145e-05,0.009991427551489877,0.9901074135097245,735
two_moons,weight_noise,0.05,5,peikonal,128.0,8,2.21023193616315e-05,0.00992330437426608,0.9901742000295611,735
two_moons,weight_noise,0.05,6,dijkstra,,8,0.021977037088020044,0.01890683708412472,0.9814439982184909,735
two_moons,weight_noise,0.05,6,peikonal,1.0,8,0.005235988831846348,0.01649955783491158,0.9837682587191137,735
two_moons,weight_noise,0.05,6,peikonal,2.0,8,0.0013245892548577904,0.012076784870292838,0.9880673234967636,735
two_moons,weight_noise,0.05,6,peikonal,4.0,8,0.0007729502576731539,0.04934733671448561,0.9529733054176394,735
two_moons,weight_noise,0.05,6,peikonal,8.0,8,0.0004070849658258627,0.04962245970730857,0.9527235157285545,735
two_moons,weight_noise,0.05,6,peikonal,16.0,8,0.0002010982997400483,0.04972329155397172,0.9526320012578141,735
two_moons,weight_noise,0.05,6,peikonal,32.0,8,9.997013193722218e-05,0.04949468666810996,0.9528395071486798,735
two_moons,weight_noise,0.05,6,peikonal,64.0,8,4.984642746371687e-05,0.05003825621570916,0.9523462541297831,735
two_moons,weight_noise,0.05,6,peikonal,128.0,8,2.4889299655960193e-05,0.049697087250755376,0.952655782459189,735
two_moons,weight_noise,0.05,7,dijkstra,,8,0.023943471806599354,0.053722985368838384,0.9490160259244668,735
two_moons,weight_noise,0.05,7,peikonal,1.0,8,0.003884968405249506,0.00983274598872626,0.9902629955031821,735
two_moons,weight_noise,0.05,7,peikonal,2.0,8,0.0014649016676647262,0.011930956524020138,0.9882097128790258,735
two_moons,weight_noise,0.05,7,peikonal,4.0,8,0.001702982378306079,0.012038129964146308,0.988105062835357,735
two_moons,weight_noise,0.05,7,peikonal,8.0,8,0.0008655601157296448,0.012105245366197084,0.9880395389495118,735
two_moons,weight_noise,0.05,7,peikonal,16.0,8,0.000408411283091404,0.009928536738799221,0.9901690700107755,735
two_moons,weight_noise,0.05,7,peikonal,32.0,8,0.00019806853872161173,0.008270736104302253,0.9917971078519464,735
two_moons,weight_noise,0.05,7,peikonal,64.0,8,9.749771610903477e-05,0.009991427551489877,0.9901074135097245,735
two_moons,weight_noise,0.05,7,peikonal,128.0,8,4.8364520908349515e-05,0.00992330437426608,0.9901742000295611,735
two_moons,weight_noise,0.05,8,dijkstra,,8,0.016308121945982034,0.06573482869504506,0.9383197143181151,735
two_moons,weight_noise,0.05,8,peikonal,1.0,8,0.0024564665051399473,0.00983274598872626,0.9902629955031821,735
two_moons,weight_noise,0.05,8,peikonal,2.0,8,0.0009073703687324786,0.0663808594373203,0.9377512650852095,735
two_moons,weight_noise,0.05,8,peikonal,4.0,8,0.0005868805843779408,0.04416758101740163,0.9577006777261116,735
two_moons,weight_noise,0.05,8,peikonal,8.0,8,0.0003635435338073064,0.04441382565559891,0.9574748777116969,735
two_moons,weight_noise,0.05,8,peikonal,16.0,8,0.00018128100406893856,0.010079499083967861,0.9900210833967932,735
two_moons,weight_noise,0.05,8,peikonal,32.0,8,9.055779113096066e-05,0.009882889881219735,0.9902138258007499,735
two_moons,weight_noise,0.05,8,peikonal,64.0,8,4.5264929942501204e-05,0.010143346144776754,0.9899585081825376,735
two_moons,weight_noise,0.05,8,peikonal,128.0,8,2.262981719428379e-05,0.010729138882335558,0.9893847535708727,735
two_moons,weight_noise,0.05,9,dijkstra,,8,0.019379237839706256,0.06440413889727951,0.9394927767154286,735
two_moons,weight_noise,0.05,9,peikonal,1.0,8,0.005436002976005032,0.005148172320035266,0.994878195611546,735
two_moons,weight_noise,0.05,9,peikonal,2.0,8,0.0008376075568644707,0.012076784870292838,0.9880673234967636,735
two_moons,weight_noise,0.05,9,peikonal,4.0,8,0.0009204757085474205,0.009853467665145568,0.9902426758132271,735
two_moons,weight_noise,0.05,9,peikonal,8.0,8,0.0005063209150853375,0.010059059276499104,0.9900411177107759,735
two_moons,weight_noise,0.05,9,peikonal,16.0,8,0.00024387889299953543,0.012278102256109903,0.987870821043402,735
two_moons,weight_noise,0.05,9,peikonal,32.0,8,0.00011961868674343278,0.014714066692903338,0.9854992976091693,735
two_moons,weight_noise,0.05,9,peikonal,64.0,8,5.923320890383725e-05,0.011788697107924292,0.988348657045072,735
two_moons,weight_noise,0.05,9,peikonal,128.0,8,2.9473113215927448e-05,0.011708319854705752,0.9884271784417201,735
two_moons,weight_noise,0.1,0,dijkstra,,8,0.05528251898639671,0.06631783674806549,0.9378066890915807,735
two_moons,weight_noise,0.1,0,peikonal,1.0,8,0.005889286962560989,0.04939928164718277,0.9529261335402828,735
two_moons,weight_noise,0.1,0,peikonal,2.0,8,0.004233606701055336,0.06486320275420843,0.9390877602057772,735
two_moons,weight_noise,0.1,0,peikonal,4.0,8,0.002917971871000507,0.008246113409151556,0.9918213288407636,735
two_moons,weight_noise,0.1,0,peikonal,8.0,8,0.001341524187298729,0.008292087428244208,0.9917761058212864,735
two_moons,weight_noise,0.1,0,peikonal,16.0,8,0.0006508710171465108,0.011714493423029356,0.9884211469745832,735
two_moons,weight_noise,0.1,0,peikonal,32.0,8,0.0003205479415240861,0.014714066692903338,0.9854992976091693,735
two_moons,weight_noise,0.1,0,peikonal,64.0,8,0.00015906179316676908,0.011788697107924292,0.988348657045072,735
two_moons,weight_noise,0.1,0,peikonal,128.0,8,7.922913240031514e-05,0.011708319854705752,0.9884271784417201,735
two_moons,weight_noise,0.1,1,dijkstra,,8,0.0479442684357957,0.057234070386551206,0.945864334124585,735
two_moons,weight_noise,0.1,1,peikonal,1.0,8,0.0046687369502746235,0.00983274598872626,0.9902629955031821,735
two_moons,weight_noise,0.1,1,peikonal,2.0,8,0.0033723420993668086,0.06486320275420843,0.9390877602057772,735
two_moons,weight_noise,0.1,1,peikonal,4.0,8,0.0020309109262210646,0.04416758101740163,0.9577006777261116,735
two_moons,weight_noise,0.1,1,peikonal,8.0,8,0.000992037753282479,0.04441382565559891,0.9574748777116969,735
two_moons,weight_noise,0.1,1,peikonal,16.0,8,0.0004854591410320591,0.044504073661938065,0.9573921492657174,735
two_moons,weight_noise,0.1,1,peikonal,32.0,8,0.00024024801441578666,0.04429946434582255,0.957579730854719,735
two_moons,weight_noise,0.1,1,peikonal,64.0,8,0.00011952436384296281,0.044785977978181,0.9571338255660278,735
two_moons,weight_noise,0.1,1,peikonal,128.0,8,5.961482634693094e-05,0.04448061990004593,0.9574136474602059,735
two_moons,weight_noise,0.1,2,dijkstra,,8,0.03577524390267777,0.055956746855699534,0.9470084858851265,735
two_moons,weight_noise,0.1,2,peikonal,1.0,8,0.008268282104441554,0.009747357692242418,0.9903467361236579,735
two_moons,weight_noise,0.1,2,peikonal,2.0,8,0.0025339137940107778,0.06486320275420843,0.9390877602057772,735
two_moons,weight_noise,0.1,2,peikonal,4.0,8,0.0034122028770084013,0.012038129964146308,0.988105062835357,735
two_moons,weight_noise,0.1,2,peikonal,8.0,8,0.0019359567513049496,0.012105245366197084,0.9880395389495118,735
two_moons,weight_noise,0.1,2,peikonal,16.0,8,0.0009537361426860515,0.012278102256109903,0.987870821043402,735
two_moons,weight_noise,0.1,2,peikonal,32.0,8,0.0004733707852621932,0.009882889881219735,0.9902138258007499,735
two_moons,weight_noise,0.1,2,peikonal,64.0,8,0.0002358248800274173,0.00836156848622386,0.9917077675830342,735
two_moons,weight_noise,0.1,2,peikonal,128.0,8,0.0001176990318283988,0.007596337431662891,0.9924609318737443,735
two_moons,weight_noise,0.1,3,dijkstra,,8,0.050299235951991046,0.06631783674806549,0.9378066890915807,735
two_moons,weight_noise,0.1,3,peikonal,1.0,8,0.013486976783046811,0.00875933947915324,0.9913167203153966,735
two_moons,weight_noise,0.1,3,peikonal,2.0,8,0.005427263169628426,0.0056450636086610205,0.9943866242544817,735
two_moons,weight_noise,0.1,3,peikonal,4.0,8,0.0027020150944693593,0.04934733671448561,0.9529733054176394,735
two_moons,weight_noise,0.1,3,peikonal,8.0,8,0.001281223857094465,0.04962245970730857,0.9527235157285545,735
two_moons,weight_noise,0.1,3,peikonal,16.0,8,0.0006384749824425413,0.04972329155397172,0.9526320012578141,735
two_moons,weight_noise,0.1,3,peikonal,32.0,8,0.0003185920360499131,0.04949468666810996,0.9528395071486798,735
two_moons,weight_noise,0.1,3,peikonal,64.0,8,0.00015912210569872593,0.05003825621570916,0.9523462541297831,735
two_moons,weight_noise,0.1,3,peikonal,128.0,8,7.95160464540438e-05,0.049697087250755376,0.952655782459189,735
two_moons,weight_noise,0.1,4,dijkstra,,8,0.038496330161526426,0.04851384444041852,0.9537308499094641,735
two_moons,weight_noise,0.1,4,peikonal,1.0,8,0.002534818988051152,0.009747357692242418,0.9903467361236579,735
two_moons,weight_noise,0.1,4,peikonal,2.0,8,0.005891777875286283,0.014539654782098801,0.9856687171235099,735
two_moons,weight_noise,0.1,4,peikonal,4.0,8,0.003671937980773961,0.01467026164652809,0.985541843295257,735
two_moons,weight_noise,0.1,4,peikonal,8.0,8,0.0017490486032867107,0.014752051800939886,0.9854624075164385,735
two_moons,weight_noise,0.1,4,peikonal,16.0,8,0.0008527400728022978,0.009928536738799221,0.9901690700107755,735
two_moons,weight_noise,0.1,4,peikonal,32.0,8,0.000420984845163866,0.005712779544517484,0.9943196709232384,735
two_moons,weight_noise,0.1,4,peikonal,64.0,8,0.00020915412695645194,0.009991427551489877,0.9901074135097245,735
two_moons,weight_noise,0.1,4,peikonal,128.0,8,0.00010424349125995201,0.00992330437426608,0.9901742000295611,735
two_moons,weight_noise,0.1,5,dijkstra,,8,0.03534950240262569,0.04868585292294244,0.9535744162207939,735
two_moons,weight_noise,0.1,5,peikonal,1.0,8,0.010670655387152634,0.01649955783491158,0.9837682587191137,735
two_moons,weight_noise,0.1,5,peikonal,2.0,8,0.00236773629549444,0.06486320275420843,0.9390877602057772,735
two_moons,weight_noise,0.1,5,peikonal,4.0,8,0.0014417363194020847,0.012038129964146308,0.988105062835357,735
two_moons,weight_noise,0.1,5,peikonal,8.0,8,0.0007738371961890998,0.012105245366197084,0.9880395389495118,735
two_moons,weight_noise,0.1,5,peikonal,16.0,8,0.000382510270949392,0.009928536738799221,0.9901690700107755,735
two_moons,weight_noise,0.1,5,peikonal,32.0,8,0.0001901938448919345,0.009731969515661175,0.9903618288719437,735
two_moons,weight_noise,0.1,5,peikonal,64.0,8,9.484220409955556e-05,0.009991427551489877,0.9901074135097245,735
two_moons,weight_noise,0.1,5,peikonal,128.0,8,4.7358731650910325e-05,0.00992330437426608,0.9901742000295611,735
two_moons,weight_noise,0.1,6,dijkstra,,8,0.0439540741760395,0.01890683708412472,0.9814439982184909,735
two_moons,weight_noise,0.1,6,peikonal,1.0,8,0.01034613038945543,0.015905966782834093,0.9843430717970828,735
two_moons,weight_noise,0.1,6,peikonal,2.0,8,0.0025221576136128486,0.012076784870292838,0.9880673234967636,735
two_moons,weight_noise,0.1,6,peikonal,4.0,8,0.0013627476743865996,0.04934733671448561,0.9529733054176394,735
two_moons,weight_noise,0.1,6,peikonal,8.0,8,0.0007350430663129764,0.04962245970730857,0.9527235157285545,735
two_moons,weight_noise,0.1,6,peikonal,16.0,8,0.0003667337360029681,0.04972329155397172,0.9526320012578141,735
two_moons,weight_noise,0.1,6,peikonal,32.0,8,0.00018318306602260376,0.04949468666810996,0.9528395071486798,735
two_moons,weight_noise,0.1,6,peikonal,64.0,8,9.155280031494238e-05,0.05003825621570916,0.9523462541297831,735
two_moons,weight_noise,0.1,6,peikonal,128.0,8,4.57676298495886e-05,0.049697087250755376,0.952655782459189,735
two_moons,weight_noise,0.1,7,dijkstra,,8,0.04788694361319853,0.053722985368838384,0.9490160259244668,735
two_moons,weight_noise,0.1,7,peikonal,1.0,8,0.0074317400015589275,0.00983274598872626,0.9902629955031821,735
two_moons,weight_noise,0.1,7,peikonal,2.0,8,0.0032947468014049484,0.011930956524020138,0.9882097128790258,735
two_moons,weight_noise,0.1,7,peikonal,4.0,8,0.003926866688179875,0.012038129964146308,0.988105062835357,735
two_moons,weight_noise,0.1,7,peikonal,8.0,8,0.001986962361280117,0.012105245366197084,0.9880395389495118,735
two_moons,weight_noise,0.1,7,peikonal,16.0,8,0.0009316197615773551,0.009928536738799221,0.9901690700107755,735
two_moons,weight_noise,0.1,7,peikonal,32.0,8,0.00045033907345591703,0.008270736104302253,0.9917971078519464,735
two_moons,weight_noise,0.1,7,peikonal,64.0,8,0.00022130858689379883,0.009991427551489877,0.9901074135097245,735
two_moons,weight_noise,0.1,7,peikonal,128.0,8,0.00010969010067335995,0.00992330437426608,0.9901742000295611,735
two_moons,weight_noise,0.1,8,dijkstra,,8,0.0326180998772232,0.06573482869504506,0.9383197143181151,735
two_moons,weight_noise,0.1,8,peikonal,1.0,8,0.004688659733066317,0.015905966782834093,0.9843430717970828,735
two_moons,weight_noise,0.1,8,peikonal,2.0,8,0.0018718903533136032,0.0663808594373203,0.9377512650852095,735
two_moons,weight_noise,0.1,8,peikonal,4.0,8,0.001387075216932142,0.04416758101740163,0.9577006777261116,735
two_moons,weight_noise,0.1,8,peikonal,8.0,8,0.0008610521541709792,0.04441382565559891,0.9574748777116969,735
two_moons,weight_noise,0.1,8,peikonal,16.0,8,0.000423536020470333,0.044504073661938065,0.9573921492657174,735
two_moons,weight_noise,0.1,8,peikonal,32.0,8,0.0002101309268419495,0.04429946434582255,0.957579730854719,735
two_moons,weight_noise,0.1,8,peikonal,64.0,8,0.00010467490171990063,0.044785977978181,0.9571338255660278,735
two_moons,weight_noise,0.1,8,peikonal,128.0,8,5.22421163744903e-05,0.04448061990004593,0.9574136474602059,735
two_moons,weight_noise,0.1,9,dijkstra,,8,0.03879493884801311,0.06440413889727951,0.9394927767154286,735
two_moons,weight_noise,0.1,9,peikonal,1.0,8,0.011101682511382967,0.04818177349001883,0.9540329981797021,735
two_moons,weight_noise,0.1,9,peikonal,2.0,8,0.001674173082050647,0.012076784870292838,0.9880673234967636,735
two_moons,weight_noise,0.1,9,peikonal,4.0,8,0.0021112196405656323,0.009853467665145568,0.9902426758132271,735
two_moons,weight_noise,0.1,9,peikonal,8.0,8,0.001168258291872836,0.010059059276499104,0.9900411177107759,735
two_moons,weight_noise,0.1,9,peikonal,16.0,8,0.0005567995518918925,0.012278102256109903,0.987870821043402,735
two_moons,weight_noise,0.1,9,peikonal,32.0,8,0.0002715821208515092,0.014714066692903338,0.9854992976091693,735
two_moons,weight_noise,0.1,9,peikonal,64.0,8,0.00013409853362661404,0.011788697107924292,0.988348657045072,735
two_moons,weight_noise,0.1,9,peikonal,128.0,8,6.662785687714399e-05,0.011708319854705752,0.9884271784417201,735
two_moons,weight_noise,0.2,0,dijkstra,,8,0.11360676773539269,0.06631783674806549,0.9378066890915807,735
two_moons,weight_noise,0.2,0,peikonal,1.0,8,0.009309361974660058,0.05114124220800743,0.9513469359259644,735
two_moons,weight_noise,0.2,0,peikonal,2.0,8,0.008906224975616396,0.06486320275420843,0.9390877602057772,735
two_moons,weight_noise,0.2,0,peikonal,4.0,8,0.007277583875997624,0.008246113409151556,0.9918213288407636,735
two_moons,weight_noise,0.2,0,peikonal,8.0,8,0.0033871062615776918,0.008292087428244208,0.9917761058212864,735
two_moons,weight_noise,0.2,0,peikonal,16.0,8,0.0016211320338216382,0.011714493423029356,0.9884211469745832,735
two_moons,weight_noise,0.2,0,peikonal,32.0,8,0.0007927229655829408,0.014714066692903338,0.9854992976091693,735
two_moons,weight_noise,0.2,0,peikonal,64.0,8,0.00039193600337360615,0.011788697107924292,0.988348657045072,735
two_moons,weight_noise,0.2,0,peikonal,128.0,8,0.00019486614352975874,0.011708319854705752,0.9884271784417201,735
two_moons,weight_noise,0.2,1,dijkstra,,8,0.09945263290630886,0.057234070386551206,0.945864334124585,735
two_moons,weight_noise,0.2,1,peikonal,1.0,8,0.008031775722264713,0.0201968712380033,0.9802029668906016,735
two_moons,weight_noise,0.2,1,peikonal,2.0,8,0.00796798711106849,0.06486320275420843,0.9390877602057772,735
two_moons,weight_noise,0.2,1,peikonal,4.0,8,0.005532490325975231,0.04416758101740163,0.9577006777261116,735
two_moons,weight_noise,0.2,1,peikonal,8.0,8,0.0025490431244519175,0.04441382565559891,0.9574748777116969,735
two_moons,weight_noise,0.2,1,peikonal,16.0,8,0.0012080639254706078,0.044504073661938065,0.9573921492657174,735
two_moons,weight_noise,0.2,1,peikonal,32.0,8,0.0005883821481053699,0.04429946434582255,0.957579730854719,735
two_moons,weight_noise,0.2,1,peikonal,64.0,8,0.0002904046471730599,0.044785977978181,0.9571338255660278,735
two_moons,weight_noise,0.2,1,peikonal,128.0,8,0.00014427149571204237,0.04448061990004593,0.9574136474602059,735
two_moons,weight_noise,0.2,2,dijkstra,,8,0.0816087300328714,0.055956746855699534,0.9470084858851265,735
two_moons,weight_noise,0.2,2,peikonal,1.0,8,0.014261830511560828,0.009747357692242418,0.9903467361236579,735
two_moons,weight_noise,0.2,2,peikonal,2.0,8,0.006264874969587852,0.06486320275420843,0.9390877602057772,735
two_moons,weight_noise,0.2,2,peikonal,4.0,8,0.008816640091423876,0.012038129964146308,0.988105062835357,735
two_moons,weight_noise,0.2,2,peikonal,8.0,8,0.004914042969480483,0.012105245366197084,0.9880395389495118,735
two_moons,weight_noise,0.2,2,peikonal,16.0,8,0.0023825664037335917,0.012278102256109903,0.987870821043402,735
two_moons,weight_noise,0.2,2,peikonal,32.0,8,0.0011731245494440502,0.009731969515661175,0.9903618288719437,735
two_moons,weight_noise,0.2,2,peikonal,64.0,8,0.0005821001092033706,0.009991427551489877,0.9901074135097245,735
two_moons,weight_noise,0.2,2,peikonal,128.0,8,0.00028994398866424837,0.00992330437426608,0.9901742000295611,735
two_moons,weight_noise,0.2,3,dijkstra,,8,0.10876042554368116,0.06631783674806549,0.9378066890915807,735
two_moons,weight_noise,0.2,3,peikonal,1.0,8,0.025277900427088714,0.04939928164718277,0.9529261335402828,735
two_moons,weight_noise,0.2,3,peikonal,2.0,8,0.009724680380218759,0.0056450636086610205,0.9943866242544817,735
two_moons,weight_noise,0.2,3,peikonal,4.0,8,0.0041025374354575535,0.04934733671448561,0.9529733054176394,735
two_moons,weight_noise,0.2,3,peikonal,8.0,8,0.001924606231552428,0.04962245970730857,0.9527235157285545,735
two_moons,weight_noise,0.2,3,peikonal,16.0,8,0.0009835976535080366,0.04972329155397172,0.9526320012578141,735
two_moons,weight_noise,0.2,3,peikonal,32.0,8,0.0004968703210993627,0.04949468666810996,0.9528395071486798,735
two_moons,weight_noise,0.2,3,peikonal,64.0,8,0.00024967849193539073,0.05003825621570916,0.9523462541297831,735
two_moons,weight_noise,0.2,3,peikonal,128.0,8,0.0001251469607026689,0.049697087250755376,0.952655782459189,735
two_moons,weight_noise,0.2,4,dijkstra,,8,0.09539240595325134,0.04851384444041852,0.9537308499094641,735
two_moons,weight_noise,0.2,4,peikonal,1.0,8,0.005909072376537278,0.04818177349001883,0.9540329981797021,735
two_moons,weight_noise,0.2,4,peikonal,2.0,8,0.013050510530673702,0.014539654782098801,0.9856687171235099,735
two_moons,weight_noise,0.2,4,peikonal,4.0,8,0.009265109778344969,0.01467026164652809,0.985541843295257,735
two_moons,weight_noise,0.2,4,peikonal,8.0,8,0.0043893629229896074,0.014752051800939886,0.9854624075164385,735
two_moons,weight_noise,0.2,4,peikonal,16.0,8,0.002114335330174772,0.009928536738799221,0.9901690700107755,735
two_moons,weight_noise,0.2,4,peikonal,32.0,8,0.0010373837890923587,0.005712779544517484,0.9943196709232384,735
two_moons,weight_noise,0.2,4,peikonal,64.0,8,0.0005137880550311114,0.009991427551489877,0.9901074135097245,735
two_moons,weight_noise,0.2,4,peikonal,128.0,8,0.0002556733719227282,0.00992330437426608,0.9901742000295611,735
two_moons,weight_noise,0.2,5,dijkstra,,8,0.0771429495267712,0.04868585292294244,0.9535744162207939,735
two_moons,weight_noise,0.2,5,peikonal,1.0,8,0.017446087222230434,0.01649955783491158,0.9837682587191137,735
two_moons,weight_noise,0.2,5,peikonal,2.0,8,0.004946079204328831,0.06486320275420843,0.9390877602057772,735
two_moons,weight_noise,0.2,5,peikonal,4.0,8,0.00402225483980932,0.012038129964146308,0.988105062835357,735
two_moons,weight_noise,0.2,5,peikonal,8.0,8,0.0020978421268803183,0.012105245366197084,0.9880395389495118,735
two_moons,weight_noise,0.2,5,peikonal,16.0,8,0.0010096315155127295,0.009928536738799221,0.9901690700107755,735
two_moons,weight_noise,0.2,5,peikonal,32.0,8,0.0004953443506997186,0.009731969515661175,0.9903618288719437,735
two_moons,weight_noise,0.2,5,peikonal,64.0,8,0.0002453666869090829,0.009991427551489877,0.9901074135097245,735
two_moons,weight_noise,0.2,5,peikonal,128.0,8,0.00012211483251527193,0.00992330437426608,0.9901742000295611,735
two_moons,weight_noise,0.2,6,dijkstra,,8,0.08977593374943224,0.055956746855699534,0.9470084858851265,735
two_moons,weight_noise,0.2,6,peikonal,1.0,8,0.019082761669971495,0.015905966782834093,0.9843430717970828,735
two_moons,weight_noise,0.2,6,peikonal,2.0,8,0.004498518614008709,0.012076784870292838,0.9880673234967636,735
two_moons,weight_noise,0.2,6,peikonal,4.0,8,0.0026619984519796664,0.04934733671448561,0.9529733054176394,735
two_moons,weight_noise,0.2,6,peikonal,8.0,8,0.0015209574232485658,0.04962245970730857,0.9527235157285545,735
two_moons,weight_noise,0.2,6,peikonal,16.0,8,0.0007518643783183665,0.04972329155397172,0.9526320012578141,735
two_moons,weight_noise,0.2,6,peikonal,32.0,8,0.0003738348848653635,0.04949468666810996,0.9528395071486798,735
two_moons,weight_noise,0.2,6,peikonal,64.0,8,0.00018642443940971185,0.05003825621570916,0.9523462541297831,735
two_moons,weight_noise,0.2,6,peikonal,128.0,8,9.30929250991572e-05,0.049697087250755376,0.952655782459189,735
two_moons,weight_noise,0.2,7,dijkstra,,8,0.0990087756922704,0.053722985368838384,0.9490160259244668,735
two_moons,weight_noise,0.2,7,peikonal,1.0,8,0.012831002033410789,0.00983274598872626,0.9902629955031821,735
two_moons,weight_noise,0.2,7,peikonal,2.0,8,0.008383028370839797,0.011930956524020138,0.9882097128790258,735
two_moons,weight_noise,0.2,7,peikonal,4.0,8,0.010207899016645771,0.012038129964146308,0.988105062835357,735
two_moons,weight_noise,0.2,7,peikonal,8.0,8,0.005200354377743148,0.012105245366197084,0.9880395389495118,735
two_moons,weight_noise,0.2,7,peikonal,16.0,8,0.0024107328901634274,0.009928536738799221,0.9901690700107755,735
two_moons,weight_noise,0.2,7,peikonal,32.0,8,0.0011585600448125062,0.008270736104302253,0.9917971078519464,735
two_moons,weight_noise,0.2,7,peikonal,64.0,8,0.0005676695993529181,0.009991427551489877,0.9901074135097245,735
two_moons,weight_noise,0.2,7,peikonal,128.0,8,0.0002809435811313248,0.00992330437426608,0.9901742000295611,735
two_moons,weight_noise,0.2,8,dijkstra,,8,0.06816494528090715,0.06573482869504506,0.9383197143181151,735
two_moons,weight_noise,0.2,8,peikonal,1.0,8,0.006980245592829523,0.015905966782834093,0.9843430717970828,735
two_moons,weight_noise,0.2,8,peikonal,2.0,8,0.004287118919493008,0.0663808594373203,0.9377512650852095,735
two_moons,weight_noise,0.2,8,peikonal,4.0,8,0.003917058032385452,0.04416758101740163,0.9577006777261116,735
two_moons,weight_noise,0.2,8,peikonal,8.0,8,0.002406408319062875,0.04441382565559891,0.9574748777116969,735
two_moons,weight_noise,0.2,8,peikonal,16.0,8,0.0011573817200149958,0.044504073661938065,0.9573921492657174,735
two_moons,weight_noise,0.2,8,peikonal,32.0,8,0.0005675795783497405,0.04429946434582255,0.957579730854719,735
two_moons,weight_noise,0.2,8,peikonal,64.0,8,0.00028107668292599126,0.044785977978181,0.9571338255660278,735
two_moons,weight_noise,0.2,8,peikonal,128.0,8,0.00013986807224333314,0.04448061990004593,0.9574136474602059,735
two_moons,weight_noise,0.2,9,dijkstra,,8,0.08861542969171311,0.06440413889727951,0.9394927767154286,735
two_moons,weight_noise,0.2,9,peikonal,1.0,8,0.019835198630966656,0.05114124220800743,0.9513469359259644,735
two_moons,weight_noise,0.2,9,peikonal,2.0,8,0.0035622136039482172,0.012076784870292838,0.9880673234967636,735
two_moons,weight_noise,0.2,9,peikonal,4.0,8,0.005444636264443954,0.009853467665145568,0.9902426758132271,735
two_moons,weight_noise,0.2,9,peikonal,8.0,8,0.003104222985149194,0.010059059276499104,0.9900411177107759,735
two_moons,weight_noise,0.2,9,peikonal,16.0,8,0.0014571358843799326,0.012278102256109903,0.987870821043402,735
two_moons,weight_noise,0.2,9,peikonal,32.0,8,0.0007048728815584403,0.014714066692903338,0.9854992976091693,735
two_moons,weight_noise,0.2,9,peikonal,64.0,8,0.0003465560407593493,0.011788697107924292,0.988348657045072,735
two_moons,weight_noise,0.2,9,peikonal,128.0,8,0.00017181374764506212,0.011708319854705752,0.9884271784417201,735
